date,product_code,product,variant,sold_quantity,gross_price,gross_price_total
2021-08-01,A0118150101,"AQ Dracula HDD – 3.5 Inch SATA 6 Gb/s 5400 RPM 256 MB Cache",Standard,88,15.3952,1354.78
2021-08-01,A0118150101,"AQ Dracula HDD – 3.5 Inch SATA 6 Gb/s 5400 RPM 256 MB Cache",Standard,88,14.4392,1270.65
2021-08-01,A0118150101,"AQ Dracula HDD – 3.5 Inch SATA 6 Gb/s 5400 RPM 256 MB Cache",Standard,88,16.2323,1428.44
2021-08-01,A0118150101,"AQ Dracula HDD – 3.5 Inch SATA 6 Gb/s 5400 RPM 256 MB Cache",Standard,88,19.0573,1677.04
2021-08-01,A0118150102,"AQ Dracula HDD – 3.5 Inch SATA 6 Gb/s 5400 RPM 256 MB Cache",Plus,196,19.5875,3839.15
2021-08-01,A0118150102,"AQ Dracula HDD – 3.5 Inch SATA 6 Gb/s 5400 RPM 256 MB Cache",Plus,196,18.5595,3637.66
2021-08-01,A0118150102,"AQ Dracula HDD – 3.5 Inch SATA 6 Gb/s 5400 RPM 256 MB Cache",Plus,196,19.8577,3892.11
2021-08-01,A0118150102,"AQ Dracula HDD – 3.5 Inch SATA 6 Gb/s 5400 RPM 256 MB Cache",Plus,196,21.4565,4205.47
2021-08-01,A0118150103,"AQ Dracula HDD – 3.5 Inch SATA 6 Gb/s 5400 RPM 256 MB Cache",Premium,50,19.3630,968.15
2021-08-01,A0118150103,"AQ Dracula HDD – 3.5 Inch SATA 6 Gb/s 5400 RPM 256 MB Cache",Premium,50,19.3442,967.21
2021-08-01,A0118150103,"AQ Dracula HDD – 3.5 Inch SATA 6 Gb/s 5400 RPM 256 MB Cache",Premium,50,22.1317,1106.59
2021-08-01,A0118150103,"AQ Dracula HDD – 3.5 Inch SATA 6 Gb/s 5400 RPM 256 MB Cache",Premium,50,21.7795,1088.98
2021-08-01,A0118150103,"AQ Dracula HDD – 3.5 Inch SATA 6 Gb/s 5400 RPM 256 MB Cache",Premium,50,23.9920,1199.60
2021-08-01,A0118150104,"AQ Dracula HDD – 3.5 Inch SATA 6 Gb/s 5400 RPM 256 MB Cache","Premium Plus",29,19.5743,567.65
2021-08-01,A0118150104,"AQ Dracula HDD – 3.5 Inch SATA 6 Gb/s 5400 RPM 256 MB Cache","Premium Plus",29,18.5072,536.71
2021-08-01,A0118150104,"AQ Dracula HDD – 3.5 Inch SATA 6 Gb/s 5400 RPM 256 MB Cache","Premium Plus",29,20.7734,602.43
2021-08-01,A0118150104,"AQ Dracula HDD – 3.5 Inch SATA 6 Gb/s 5400 RPM 256 MB Cache","Premium Plus",29,22.9729,666.21
2021-08-01,A0118150104,"AQ Dracula HDD – 3.5 Inch SATA 6 Gb/s 5400 RPM 256 MB Cache","Premium Plus",29,23.6298,685.26
2021-08-01,A0219150201,"AQ WereWolf NAS Internal Hard Drive HDD – 8.89 cm",Standard,95,18.4663,1754.30
2021-08-01,A0219150201,"AQ WereWolf NAS Internal Hard Drive HDD – 8.89 cm",Standard,95,22.2298,2111.83
2021-08-01,A0219150201,"AQ WereWolf NAS Internal Hard Drive HDD – 8.89 cm",Standard,95,23.6987,2251.38
2021-08-01,A0219150201,"AQ WereWolf NAS Internal Hard Drive HDD – 8.89 cm",Standard,95,25.0286,2377.72
2021-08-01,A0219150202,"AQ WereWolf NAS Internal Hard Drive HDD – 8.89 cm",Plus,117,20.8223,2436.21
2021-08-01,A0219150202,"AQ WereWolf NAS Internal Hard Drive HDD – 8.89 cm",Plus,117,24.1562,2826.28
2021-08-01,A0219150202,"AQ WereWolf NAS Internal Hard Drive HDD – 8.89 cm",Plus,117,24.7312,2893.55
2021-08-01,A0219150202,"AQ WereWolf NAS Internal Hard Drive HDD – 8.89 cm",Plus,117,25.1517,2942.75
2021-08-01,A0220150203,"AQ WereWolf NAS Internal Hard Drive HDD – 8.89 cm",Premium,54,23.9193,1291.64
2021-08-01,A0220150203,"AQ WereWolf NAS Internal Hard Drive HDD – 8.89 cm",Premium,54,23.6154,1275.23
2021-08-01,A0220150203,"AQ WereWolf NAS Internal Hard Drive HDD – 8.89 cm",Premium,54,25.7806,1392.15
2021-08-01,A0320150301,"AQ Zion Saga",Standard,243,22.2856,5415.40
2021-08-01,A0320150301,"AQ Zion Saga",Standard,243,23.7223,5764.52
2021-08-01,A0320150301,"AQ Zion Saga",Standard,243,25.8169,6273.51
2021-08-01,A0321150302,"AQ Zion Saga",Plus,75,27.1027,2032.70
2021-08-01,A0321150302,"AQ Zion Saga",Plus,75,29.5075,2213.06
2021-08-01,A0321150303,"AQ Zion Saga",Premium,151,28.0059,4228.89
2021-08-01,A0321150303,"AQ Zion Saga",Premium,151,30.3060,4576.21
2021-08-01,A0418150103,"AQ Mforce Gen X","Standard 3",140,17.8449,2498.29
2021-08-01,A0418150103,"AQ Mforce Gen X","Standard 3",140,15.9345,2230.83
2021-08-01,A0418150103,"AQ Mforce Gen X","Standard 3",140,17.4436,2442.10
2021-08-01,A0418150103,"AQ Mforce Gen X","Standard 3",140,19.5235,2733.29
2021-08-01,A0418150103,"AQ Mforce Gen X","Standard 3",140,21.0913,2952.78
2021-08-01,A0418150104,"AQ Mforce Gen X","Plus 1",166,18.6457,3095.19
2021-08-01,A0418150104,"AQ Mforce Gen X","Plus 1",166,17.5027,2905.45
2021-08-01,A0418150104,"AQ Mforce Gen X","Plus 1",166,19.0484,3162.03
2021-08-01,A0418150104,"AQ Mforce Gen X","Plus 1",166,19.9239,3307.37
2021-08-01,A0418150104,"AQ Mforce Gen X","Plus 1",166,19.7359,3276.16
2021-08-01,A0418150105,"AQ Mforce Gen X","Plus 2",163,17.2477,2811.38
2021-08-01,A0418150105,"AQ Mforce Gen X","Plus 2",163,16.5258,2693.71
2021-08-01,A0418150105,"AQ Mforce Gen X","Plus 2",163,18.5592,3025.15
2021-08-01,A0418150105,"AQ Mforce Gen X","Plus 2",163,20.0766,3272.49
2021-08-01,A0418150105,"AQ Mforce Gen X","Plus 2",163,20.3467,3316.51
2021-08-01,A0418150106,"AQ Mforce Gen X","Plus 3",65,16.2819,1058.32
2021-08-01,A0418150106,"AQ Mforce Gen X","Plus 3",65,17.7022,1150.64
2021-08-01,A0418150106,"AQ Mforce Gen X","Plus 3",65,19.9365,1295.87
2021-08-01,A0418150106,"AQ Mforce Gen X","Plus 3",65,20.6451,1341.93
2021-08-01,A0519150201,"AQ Mforce Gen Y","Standard 1",187,18.2247,3408.02
2021-08-01,A0519150201,"AQ Mforce Gen Y","Standard 1",187,21.9777,4109.83
2021-08-01,A0519150201,"AQ Mforce Gen Y","Standard 1",187,22.3984,4188.50
2021-08-01,A0519150202,"AQ Mforce Gen Y","Standard 2",167,21.1953,3539.62
2021-08-01,A0519150202,"AQ Mforce Gen Y","Standard 2",167,24.1658,4035.69
2021-08-01,A0519150202,"AQ Mforce Gen Y","Standard 2",167,24.9298,4163.28
2021-08-01,A0519150203,"AQ Mforce Gen Y","Standard 3",93,22.2916,2073.12
2021-08-01,A0519150203,"AQ Mforce Gen Y","Standard 3",93,24.3127,2261.08
2021-08-01,A0519150203,"AQ Mforce Gen Y","Standard 3",93,26.5871,2472.60
2021-08-01,A0519150204,"AQ Mforce Gen Y","Plus 1",135,23.8492,3219.64
2021-08-01,A0519150204,"AQ Mforce Gen Y","Plus 1",135,24.7823,3345.61
2021-08-01,A0519150204,"AQ Mforce Gen Y","Plus 1",135,26.1081,3524.59
2021-08-01,A0519150204,"AQ Mforce Gen Y","Plus 1",135,28.2055,3807.74
2021-08-01,A0519150205,"AQ Mforce Gen Y","Plus 2",82,24.8906,2041.03
2021-08-01,A0519150205,"AQ Mforce Gen Y","Plus 2",82,27.2201,2232.05
2021-08-01,A0519150205,"AQ Mforce Gen Y","Plus 2",82,29.7008,2435.47
2021-08-01,A0519150205,"AQ Mforce Gen Y","Plus 2",82,31.5446,2586.66
2021-08-01,A0519150206,"AQ Mforce Gen Y","Plus 3",196,23.0202,4511.96
2021-08-01,A0519150206,"AQ Mforce Gen Y","Plus 3",196,26.4794,5189.96
2021-08-01,A0519150206,"AQ Mforce Gen Y","Plus 3",196,31.2439,6123.80
2021-08-01,A0519150206,"AQ Mforce Gen Y","Plus 3",196,33.8465,6633.91
2021-08-01,A0519150207,"AQ Mforce Gen Y","Premium 1",105,26.7138,2804.95
2021-08-01,A0519150207,"AQ Mforce Gen Y","Premium 1",105,27.4563,2882.91
2021-08-01,A0519150207,"AQ Mforce Gen Y","Premium 1",105,32.4427,3406.48
2021-08-01,A0519150207,"AQ Mforce Gen Y","Premium 1",105,34.8698,3661.33
2021-08-01,A0519150208,"AQ Mforce Gen Y","Premium 2",64,26.9675,1725.92
2021-08-01,A0519150208,"AQ Mforce Gen Y","Premium 2",64,29.7525,1904.16
2021-08-01,A0519150208,"AQ Mforce Gen Y","Premium 2",64,30.5816,1957.22
2021-08-01,A0519150208,"AQ Mforce Gen Y","Premium 2",64,34.7322,2222.86
2021-08-01,A0619150301,"AQ Mforce Gen Z","Standard 1",52,29.3716,1527.32
2021-08-01,A0619150301,"AQ Mforce Gen Z","Standard 1",52,30.4696,1584.42
2021-08-01,A0619150301,"AQ Mforce Gen Z","Standard 1",52,33.7441,1754.69
2021-08-01,A0619150302,"AQ Mforce Gen Z","Standard 2",198,31.6222,6261.20
2021-08-01,A0619150302,"AQ Mforce Gen Z","Standard 2",198,34.0973,6751.27
2021-08-01,A0619150302,"AQ Mforce Gen Z","Standard 2",198,34.5601,6842.90
2021-08-01,A0620150303,"AQ Mforce Gen Z","Standard 3",94,33.5635,3154.97
2021-08-01,A0620150303,"AQ Mforce Gen Z","Standard 3",94,34.2412,3218.67
2021-08-01,A0620150303,"AQ Mforce Gen Z","Standard 3",94,37.8311,3556.12
2021-08-01,A0620150304,"AQ Mforce Gen Z","Plus 1",76,33.2821,2529.44
2021-08-01,A0620150304,"AQ Mforce Gen Z","Plus 1",76,37.5826,2856.28
2021-08-01,A0620150304,"AQ Mforce Gen Z","Plus 1",76,39.4286,2996.57
2021-08-01,A0620150305,"AQ Mforce Gen Z","Plus 2",28,33.4988,937.97
2021-08-01,A0620150305,"AQ Mforce Gen Z","Plus 2",28,36.5679,1023.90
2021-08-01,A0620150305,"AQ Mforce Gen Z","Plus 2",28,37.9687,1063.12
2021-08-01,A0620150306,"AQ Mforce Gen Z","Plus 3",122,35.1332,4286.25
2021-08-01,A0620150306,"AQ Mforce Gen Z","Plus 3",122,37.5278,4578.39
2021-08-01,A0620150306,"AQ Mforce Gen Z","Plus 3",122,37.3796,4560.31
2021-08-01,A0621150307,"AQ Mforce Gen Z","Premium 1",120,36.2515,4350.18
2021-08-01,A0621150307,"AQ Mforce Gen Z","Premium 1",120,36.2434,4349.21
2021-08-01,A0621150307,"AQ Mforce Gen Z","Premium 1",120,38.6782,4641.38
2021-08-01,A0621150308,"AQ Mforce Gen Z","Premium 2",140,38.0905,5332.67
2021-08-01,A0621150308,"AQ Mforce Gen Z","Premium 2",140,39.3990,5515.86
2021-08-01,A0621150308,"AQ Mforce Gen Z","Premium 2",140,42.9439,6012.15
2021-08-01,A0721150401,"AQ GT 21",Standard,129,36.3186,4685.10
2021-08-01,A0721150401,"AQ GT 21",Standard,129,39.3377,5074.56
2021-08-01,A0721150401,"AQ GT 21",Standard,129,41.2631,5322.94
2021-08-01,A0721150402,"AQ GT 21","Plus 1",148,38.6769,5724.18
2021-08-01,A0721150402,"AQ GT 21","Plus 1",148,39.1465,5793.68
2021-08-01,A0721150402,"AQ GT 21","Plus 1",148,40.6203,6011.80
2021-08-01,A0721150403,"AQ GT 21","Plus 2",126,39.2990,4951.67
2021-08-01,A0721150403,"AQ GT 21","Plus 2",126,41.8341,5271.10
2021-08-01,A0721150404,"AQ GT 21",Premium,160,39.1215,6259.44
2021-08-01,A0721150404,"AQ GT 21",Premium,160,43.9853,7037.65
2021-08-01,A0821150501,"AQ Marquee P3",Standard,138,40.5013,5589.18
2021-08-01,A0821150501,"AQ Marquee P3",Standard,138,41.0043,5658.59
2021-08-01,A0821150502,"AQ Marquee P3","Plus 1",124,43.2966,5368.78
2021-08-01,A0821150502,"AQ Marquee P3","Plus 1",124,45.1451,5597.99
2021-08-01,A0821150503,"AQ Marquee P3","Plus 2",176,42.3841,7459.60
2021-08-01,A0821150503,"AQ Marquee P3","Plus 2",176,45.8139,8063.25
2021-08-01,A0821150504,"AQ Marquee P3",Premium,184,44.7044,8225.61
2021-08-01,A0821150504,"AQ Marquee P3",Premium,184,42.5859,7835.81
2021-08-01,A0921150601,"AQ Marquee P4",Standard,125,45.0813,5635.16
2021-08-01,A0921150601,"AQ Marquee P4",Standard,125,45.8043,5725.54
2021-08-01,A1018150101,"AQ 5000 Series Electron 9 5900X Desktop Processor",Standard,77,96.8184,7455.02
2021-08-01,A1018150101,"AQ 5000 Series Electron 9 5900X Desktop Processor",Standard,77,94.9405,7310.42
2021-08-01,A1018150101,"AQ 5000 Series Electron 9 5900X Desktop Processor",Standard,77,106.0210,8163.62
2021-08-01,A1018150101,"AQ 5000 Series Electron 9 5900X Desktop Processor",Standard,77,111.1036,8554.98
2021-08-01,A1018150102,"AQ 5000 Series Electron 9 5900X Desktop Processor",Plus,173,108.7179,18808.20
2021-08-01,A1018150102,"AQ 5000 Series Electron 9 5900X Desktop Processor",Plus,173,101.8855,17626.19
2021-08-01,A1018150102,"AQ 5000 Series Electron 9 5900X Desktop Processor",Plus,173,117.1501,20266.97
2021-08-01,A1018150102,"AQ 5000 Series Electron 9 5900X Desktop Processor",Plus,173,123.4797,21361.99
2021-08-01,A1018150103,"AQ 5000 Series Electron 9 5900X Desktop Processor",Premium,51,105.1661,5363.47
2021-08-01,A1018150103,"AQ 5000 Series Electron 9 5900X Desktop Processor",Premium,51,110.6881,5645.09
2021-08-01,A1018150103,"AQ 5000 Series Electron 9 5900X Desktop Processor",Premium,51,116.0312,5917.59
2021-08-01,A1018150103,"AQ 5000 Series Electron 9 5900X Desktop Processor",Premium,51,123.9315,6320.51
2021-08-01,A1118150201,"AQ 5000 Series Electron 8 5900X Desktop Processor",Standard,127,111.9039,14211.80
2021-08-01,A1118150201,"AQ 5000 Series Electron 8 5900X Desktop Processor",Standard,127,104.1366,13225.35
2021-08-01,A1118150201,"AQ 5000 Series Electron 8 5900X Desktop Processor",Standard,127,121.9321,15485.38
2021-08-01,A1118150201,"AQ 5000 Series Electron 8 5900X Desktop Processor",Standard,127,124.2640,15781.53
2021-08-01,A1118150201,"AQ 5000 Series Electron 8 5900X Desktop Processor",Standard,127,142.8914,18147.21
2021-08-01,A1118150202,"AQ 5000 Series Electron 8 5900X Desktop Processor",Plus,177,120.1266,21262.41
2021-08-01,A1118150202,"AQ 5000 Series Electron 8 5900X Desktop Processor",Plus,177,122.5077,21683.86
2021-08-01,A1118150202,"AQ 5000 Series Electron 8 5900X Desktop Processor",Plus,177,129.9138,22994.74
2021-08-01,A1118150202,"AQ 5000 Series Electron 8 5900X Desktop Processor",Plus,177,129.5836,22936.30
2021-08-01,A1118150202,"AQ 5000 Series Electron 8 5900X Desktop Processor",Plus,177,147.8293,26165.79
2021-08-01,A1119150203,"AQ 5000 Series Electron 8 5900X Desktop Processor",Premium,154,117.2387,18054.76
2021-08-01,A1119150203,"AQ 5000 Series Electron 8 5900X Desktop Processor",Premium,154,122.0329,18793.07
2021-08-01,A1119150203,"AQ 5000 Series Electron 8 5900X Desktop Processor",Premium,154,121.8916,18771.31
2021-08-01,A1119150203,"AQ 5000 Series Electron 8 5900X Desktop Processor",Premium,154,139.8962,21544.01
2021-08-01,A1119150203,"AQ 5000 Series Electron 8 5900X Desktop Processor",Premium,154,146.5723,22572.13
2021-08-01,A1219150301,"AQ 5000 Series Ultron 8 5900X Desktop Processor",Standard,194,123.3768,23935.10
2021-08-01,A1219150301,"AQ 5000 Series Ultron 8 5900X Desktop Processor",Standard,194,122.6817,23800.25
2021-08-01,A1219150301,"AQ 5000 Series Ultron 8 5900X Desktop Processor",Standard,194,129.2191,25068.51
2021-08-01,A1219150301,"AQ 5000 Series Ultron 8 5900X Desktop Processor",Standard,194,135.6822,26322.35
2021-08-01,A1219150301,"AQ 5000 Series Ultron 8 5900X Desktop Processor",Standard,194,141.9565,27539.56
2021-08-01,A1219150302,"AQ 5000 Series Ultron 8 5900X Desktop Processor",Plus,82,122.1600,10017.12
2021-08-01,A1219150302,"AQ 5000 Series Ultron 8 5900X Desktop Processor",Plus,82,137.8678,11305.16
2021-08-01,A1219150302,"AQ 5000 Series Ultron 8 5900X Desktop Processor",Plus,82,145.1474,11902.09
2021-08-01,A1219150302,"AQ 5000 Series Ultron 8 5900X Desktop Processor",Plus,82,140.7789,11543.87
2021-08-01,A1219150303,"AQ 5000 Series Ultron 8 5900X Desktop Processor",Premium,35,136.2612,4769.14
2021-08-01,A1219150303,"AQ 5000 Series Ultron 8 5900X Desktop Processor",Premium,35,141.0602,4937.11
2021-08-01,A1219150303,"AQ 5000 Series Ultron 8 5900X Desktop Processor",Premium,35,142.9402,5002.91
2021-08-01,A1219150303,"AQ 5000 Series Ultron 8 5900X Desktop Processor",Premium,35,150.9005,5281.52
2021-08-01,A1319150401,"AQ Electron 5 3600 Desktop Processor",Standard,112,145.2439,16267.32
2021-08-01,A1319150401,"AQ Electron 5 3600 Desktop Processor",Standard,112,149.1034,16699.58
2021-08-01,A1319150401,"AQ Electron 5 3600 Desktop Processor",Standard,112,156.5414,17532.64
2021-08-01,A1320150402,"AQ Electron 5 3600 Desktop Processor",Plus,193,156.5957,30222.97
2021-08-01,A1320150402,"AQ Electron 5 3600 Desktop Processor",Plus,193,150.2450,28997.29
2021-08-01,A1320150402,"AQ Electron 5 3600 Desktop Processor",Plus,193,159.3139,30747.58
2021-08-01,A1320150403,"AQ Electron 5 3600 Desktop Processor",Premium,109,145.2111,15828.01
2021-08-01,A1320150403,"AQ Electron 5 3600 Desktop Processor",Premium,109,160.6912,17515.34
2021-08-01,A1320150403,"AQ Electron 5 3600 Desktop Processor",Premium,109,168.5425,18371.13
2021-08-01,A1420150501,"AQ Electron 4 3600 Desktop Processor",Standard,84,145.5416,12225.49
2021-08-01,A1420150501,"AQ Electron 4 3600 Desktop Processor",Standard,84,160.5082,13482.69
2021-08-01,A1420150501,"AQ Electron 4 3600 Desktop Processor",Standard,84,171.4928,14405.40
2021-08-01,A1420150502,"AQ Electron 4 3600 Desktop Processor",Plus,139,169.4999,23560.49
2021-08-01,A1420150502,"AQ Electron 4 3600 Desktop Processor",Plus,139,170.8394,23746.68
2021-08-01,A1421150503,"AQ Electron 4 3600 Desktop Processor",Premium,180,176.4389,31759.00
2021-08-01,A1421150503,"AQ Electron 4 3600 Desktop Processor",Premium,180,188.3908,33910.34
2021-08-01,A1521150601,"AQ Electron 3 3600 Desktop Processor",Standard,168,186.2917,31297.01
2021-08-01,A1521150601,"AQ Electron 3 3600 Desktop Processor",Standard,168,198.0408,33270.85
2021-08-01,A1521150602,"AQ Electron 3 3600 Desktop Processor",Plus,69,185.4599,12796.73
2021-08-01,A1521150602,"AQ Electron 3 3600 Desktop Processor",Plus,69,203.4725,14039.60
2021-08-01,A1618150101,"AQ MB Elite",Standard,33,17.3839,573.67
2021-08-01,A1618150101,"AQ MB Elite",Standard,33,14.9883,494.61
2021-08-01,A1618150101,"AQ MB Elite",Standard,33,18.5376,611.74
2021-08-01,A1618150101,"AQ MB Elite",Standard,33,19.6485,648.40
2021-08-01,A1618150102,"AQ MB Elite","Plus 1",41,16.3342,669.70
2021-08-01,A1618150102,"AQ MB Elite","Plus 1",41,16.2230,665.14
2021-08-01,A1618150102,"AQ MB Elite","Plus 1",41,17.8567,732.12
2021-08-01,A1618150102,"AQ MB Elite","Plus 1",41,20.4629,838.98
2021-08-01,A1618150103,"AQ MB Elite","Plus 2",129,18.5921,2398.38
2021-08-01,A1618150103,"AQ MB Elite","Plus 2",129,19.1862,2475.02
2021-08-01,A1618150103,"AQ MB Elite","Plus 2",129,19.9124,2568.70
2021-08-01,A1618150103,"AQ MB Elite","Plus 2",129,21.2017,2735.02
2021-08-01,A1618150104,"AQ MB Elite",Premium,50,20.6645,1033.23
2021-08-01,A1618150104,"AQ MB Elite",Premium,50,21.4835,1074.18
2021-08-01,A1618150104,"AQ MB Elite",Premium,50,22.8704,1143.52
2021-08-01,A1618150104,"AQ MB Elite",Premium,50,21.4489,1072.45
2021-08-01,A1718150201,"AQ MB Crossx",Standard,131,21.8214,2858.60
2021-08-01,A1718150201,"AQ MB Crossx",Standard,131,19.8474,2600.01
2021-08-01,A1718150201,"AQ MB Crossx",Standard,131,22.1241,2898.26
2021-08-01,A1718150201,"AQ MB Crossx",Standard,131,21.8879,2867.31
2021-08-01,A1718150201,"AQ MB Crossx",Standard,131,24.9538,3268.95
2021-08-01,A1718150202,"AQ MB Crossx","Plus 1",81,22.0701,1787.68
2021-08-01,A1718150202,"AQ MB Crossx","Plus 1",81,23.2801,1885.69
2021-08-01,A1718150202,"AQ MB Crossx","Plus 1",81,22.8957,1854.55
2021-08-01,A1718150202,"AQ MB Crossx","Plus 1",81,24.3068,1968.85
2021-08-01,A1718150203,"AQ MB Crossx","Plus 2",106,25.2552,2677.05
2021-08-01,A1718150203,"AQ MB Crossx","Plus 2",106,24.4640,2593.18
2021-08-01,A1718150203,"AQ MB Crossx","Plus 2",106,27.3445,2898.52
2021-08-01,A1718150203,"AQ MB Crossx","Plus 2",106,29.0228,3076.42
2021-08-01,A1718150204,"AQ MB Crossx",Premium,64,24.6806,1579.56
2021-08-01,A1718150204,"AQ MB Crossx",Premium,64,28.0623,1795.99
2021-08-01,A1718150204,"AQ MB Crossx",Premium,64,28.3991,1817.54
2021-08-01,A1718150204,"AQ MB Crossx",Premium,64,29.8349,1909.43
2021-08-01,A1819150301,"AQ MB Crossx 2",Standard,115,22.5942,2598.33
2021-08-01,A1819150301,"AQ MB Crossx 2",Standard,115,28.0857,3229.86
2021-08-01,A1819150301,"AQ MB Crossx 2",Standard,115,28.8615,3319.07
2021-08-01,A1819150301,"AQ MB Crossx 2",Standard,115,32.2040,3703.46
2021-08-01,A1819150302,"AQ MB Crossx 2","Plus 1",122,29.5991,3611.09
2021-08-01,A1819150302,"AQ MB Crossx 2","Plus 1",122,31.9525,3898.21
2021-08-01,A1819150302,"AQ MB Crossx 2","Plus 1",122,34.4159,4198.74
2021-08-01,A1819150303,"AQ MB Crossx 2","Plus 2",75,30.7387,2305.40
2021-08-01,A1819150303,"AQ MB Crossx 2","Plus 2",75,32.1924,2414.43
2021-08-01,A1819150303,"AQ MB Crossx 2","Plus 2",75,36.7018,2752.64
2021-08-01,A1819150304,"AQ MB Crossx 2",Premium,41,30.7681,1261.49
2021-08-01,A1819150304,"AQ MB Crossx 2",Premium,41,32.2612,1322.71
2021-08-01,A1819150304,"AQ MB Crossx 2",Premium,41,36.2416,1485.91
2021-08-01,A1919150401,"AQ MB Lito",Standard,62,33.7609,2093.18
2021-08-01,A1919150401,"AQ MB Lito",Standard,62,35.0443,2172.75
2021-08-01,A1919150402,"AQ MB Lito","Plus 1",117,35.0256,4098.00
2021-08-01,A1919150402,"AQ MB Lito","Plus 1",117,36.4676,4266.71
2021-08-01,A1919150403,"AQ MB Lito","Plus 2",38,35.8350,1361.73
2021-08-01,A1919150403,"AQ MB Lito","Plus 2",38,36.4030,1383.31
2021-08-01,A1920150404,"AQ MB Lito",Premium,100,38.9780,3897.80
2021-08-01,A1920150404,"AQ MB Lito",Premium,100,43.0455,4304.55
2021-08-01,A2020150501,"AQ MB Lito 2",Standard,102,41.3696,4219.70
2021-08-01,A2020150501,"AQ MB Lito 2",Standard,102,40.3751,4118.26
2021-08-01,A2020150502,"AQ MB Lito 2","Plus 1",41,39.3932,1615.12
2021-08-01,A2020150502,"AQ MB Lito 2","Plus 1",41,45.4600,1863.86
2021-08-01,A2021150503,"AQ MB Lito 2","Plus 2",35,45.4377,1590.32
2021-08-01,A2021150503,"AQ MB Lito 2","Plus 2",35,46.6534,1632.87
2021-08-01,A2118150101,"AQ Master wired x1 Ms","Standard 1",216,2.9296,632.79
2021-08-01,A2118150101,"AQ Master wired x1 Ms","Standard 1",216,2.8445,614.41
2021-08-01,A2118150101,"AQ Master wired x1 Ms","Standard 1",216,2.9168,630.03
2021-08-01,A2118150101,"AQ Master wired x1 Ms","Standard 1",216,2.9434,635.77
2021-08-01,A2118150102,"AQ Master wired x1 Ms","Standard 2",287,3.4647,994.37
2021-08-01,A2118150102,"AQ Master wired x1 Ms","Standard 2",287,3.2449,931.29
2021-08-01,A2118150102,"AQ Master wired x1 Ms","Standard 2",287,3.5117,1007.86
2021-08-01,A2118150102,"AQ Master wired x1 Ms","Standard 2",287,3.9998,1147.94
2021-08-01,A2118150103,"AQ Master wired x1 Ms","Plus 1",795,4.0085,3186.76
2021-08-01,A2118150103,"AQ Master wired x1 Ms","Plus 1",795,3.8312,3045.80
2021-08-01,A2118150103,"AQ Master wired x1 Ms","Plus 1",795,4.3084,3425.18
2021-08-01,A2118150103,"AQ Master wired x1 Ms","Plus 1",795,4.5295,3600.95
2021-08-01,A2118150103,"AQ Master wired x1 Ms","Plus 1",795,4.6403,3689.04
2021-08-01,A2118150104,"AQ Master wired x1 Ms","Plus 2",815,4.2797,3487.96
2021-08-01,A2118150104,"AQ Master wired x1 Ms","Plus 2",815,3.9465,3216.40
2021-08-01,A2118150104,"AQ Master wired x1 Ms","Plus 2",815,4.6297,3773.21
2021-08-01,A2118150104,"AQ Master wired x1 Ms","Plus 2",815,5.0459,4112.41
2021-08-01,A2118150104,"AQ Master wired x1 Ms","Plus 2",815,5.1760,4218.44
2021-08-01,A2118150105,"AQ Master wired x1 Ms","Premium 1",659,4.5476,2996.87
2021-08-01,A2118150105,"AQ Master wired x1 Ms","Premium 1",659,4.0626,2677.25
2021-08-01,A2118150105,"AQ Master wired x1 Ms","Premium 1",659,4.8381,3188.31
2021-08-01,A2118150105,"AQ Master wired x1 Ms","Premium 1",659,4.6904,3090.97
2021-08-01,A2118150105,"AQ Master wired x1 Ms","Premium 1",659,5.1024,3362.48
2021-08-01,A2118150106,"AQ Master wired x1 Ms","Premium 2",820,5.2606,4313.69
2021-08-01,A2118150106,"AQ Master wired x1 Ms","Premium 2",820,4.4551,3653.18
2021-08-01,A2118150106,"AQ Master wired x1 Ms","Premium 2",820,5.2675,4319.35
2021-08-01,A2118150106,"AQ Master wired x1 Ms","Premium 2",820,5.2542,4308.44
2021-08-01,A2118150106,"AQ Master wired x1 Ms","Premium 2",820,5.2654,4317.63
2021-08-01,A2218150201,"AQ Master wireless x1 Ms","Standard 1",495,4.5834,2268.78
2021-08-01,A2218150201,"AQ Master wireless x1 Ms","Standard 1",495,4.8317,2391.69
2021-08-01,A2218150201,"AQ Master wireless x1 Ms","Standard 1",495,5.2821,2614.64
2021-08-01,A2218150201,"AQ Master wireless x1 Ms","Standard 1",495,5.4383,2691.96
2021-08-01,A2218150201,"AQ Master wireless x1 Ms","Standard 1",495,5.9230,2931.89
2021-08-01,A2218150202,"AQ Master wireless x1 Ms","Standard 2",349,5.5054,1921.38
2021-08-01,A2218150202,"AQ Master wireless x1 Ms","Standard 2",349,5.4559,1904.11
2021-08-01,A2218150202,"AQ Master wireless x1 Ms","Standard 2",349,5.8735,2049.85
2021-08-01,A2218150202,"AQ Master wireless x1 Ms","Standard 2",349,6.4054,2235.48
2021-08-01,A2218150202,"AQ Master wireless x1 Ms","Standard 2",349,6.0820,2122.62
2021-08-01,A2219150203,"AQ Master wireless x1 Ms","Plus 1",963,6.8091,6557.16
2021-08-01,A2219150203,"AQ Master wireless x1 Ms","Plus 1",963,6.0767,5851.86
2021-08-01,A2219150203,"AQ Master wireless x1 Ms","Plus 1",963,6.8560,6602.33
2021-08-01,A2219150203,"AQ Master wireless x1 Ms","Plus 1",963,6.7301,6481.09
2021-08-01,A2219150203,"AQ Master wireless x1 Ms","Plus 1",963,7.2943,7024.41
2021-08-01,A2219150204,"AQ Master wireless x1 Ms","Plus 2",853,7.0268,5993.86
2021-08-01,A2219150204,"AQ Master wireless x1 Ms","Plus 2",853,7.4345,6341.63
2021-08-01,A2219150204,"AQ Master wireless x1 Ms","Plus 2",853,7.3526,6271.77
2021-08-01,A2219150204,"AQ Master wireless x1 Ms","Plus 2",853,7.9548,6785.44
2021-08-01,A2219150205,"AQ Master wireless x1 Ms","Premium 1",202,6.2861,1269.79
2021-08-01,A2219150205,"AQ Master wireless x1 Ms","Premium 1",202,6.8929,1392.37
2021-08-01,A2219150205,"AQ Master wireless x1 Ms","Premium 1",202,7.9813,1612.22
2021-08-01,A2219150205,"AQ Master wireless x1 Ms","Premium 1",202,8.6264,1742.53
2021-08-01,A2219150206,"AQ Master wireless x1 Ms","Premium 2",401,7.3991,2967.04
2021-08-01,A2219150206,"AQ Master wireless x1 Ms","Premium 2",401,8.1310,3260.53
2021-08-01,A2219150206,"AQ Master wireless x1 Ms","Premium 2",401,8.3193,3336.04
2021-08-01,A2219150206,"AQ Master wireless x1 Ms","Premium 2",401,8.1969,3286.96
2021-08-01,A2319150301,"AQ Gamers Ms","Standard 1",318,7.1904,2286.55
2021-08-01,A2319150301,"AQ Gamers Ms","Standard 1",318,8.6406,2747.71
2021-08-01,A2319150301,"AQ Gamers Ms","Standard 1",318,8.8044,2799.80
2021-08-01,A2319150301,"AQ Gamers Ms","Standard 1",318,9.3066,2959.50
2021-08-01,A2319150302,"AQ Gamers Ms","Standard 2",705,7.0667,4982.02
2021-08-01,A2319150302,"AQ Gamers Ms","Standard 2",705,7.9085,5575.49
2021-08-01,A2319150302,"AQ Gamers Ms","Standard 2",705,8.9901,6338.02
2021-08-01,A2319150302,"AQ Gamers Ms","Standard 2",705,8.9542,6312.71
2021-08-01,A2319150303,"AQ Gamers Ms","Plus 1",584,8.2639,4826.12
2021-08-01,A2319150303,"AQ Gamers Ms","Plus 1",584,9.1892,5366.49
2021-08-01,A2319150303,"AQ Gamers Ms","Plus 1",584,9.3977,5488.26
2021-08-01,A2319150303,"AQ Gamers Ms","Plus 1",584,10.0782,5885.67
2021-08-01,A2319150304,"AQ Gamers Ms","Plus 2",828,9.1125,7545.15
2021-08-01,A2319150304,"AQ Gamers Ms","Plus 2",828,10.0752,8342.27
2021-08-01,A2319150304,"AQ Gamers Ms","Plus 2",828,10.4573,8658.64
2021-08-01,A2319150304,"AQ Gamers Ms","Plus 2",828,10.8591,8991.33
2021-08-01,A2319150305,"AQ Gamers Ms","Premium 1",809,8.7256,7059.01
2021-08-01,A2319150305,"AQ Gamers Ms","Premium 1",809,9.7363,7876.67
2021-08-01,A2319150305,"AQ Gamers Ms","Premium 1",809,10.4370,8443.53
2021-08-01,A2319150305,"AQ Gamers Ms","Premium 1",809,11.7032,9467.89
2021-08-01,A2319150306,"AQ Gamers Ms","Premium 2",293,10.4922,3074.21
2021-08-01,A2319150306,"AQ Gamers Ms","Premium 2",293,10.8659,3183.71
2021-08-01,A2319150306,"AQ Gamers Ms","Premium 2",293,10.6167,3110.69
2021-08-01,A2419150401,"AQ Lite Ms","Standard 1",526,10.0514,5287.04
2021-08-01,A2419150401,"AQ Lite Ms","Standard 1",526,11.4829,6040.01
2021-08-01,A2419150401,"AQ Lite Ms","Standard 1",526,11.4238,6008.92
2021-08-01,A2419150402,"AQ Lite Ms","Standard 2",196,10.4117,2040.69
2021-08-01,A2419150402,"AQ Lite Ms","Standard 2",196,11.2819,2211.25
2021-08-01,A2419150402,"AQ Lite Ms","Standard 2",196,11.6039,2274.36
2021-08-01,A2419150403,"AQ Lite Ms","Plus 1",584,10.6763,6234.96
2021-08-01,A2419150403,"AQ Lite Ms","Plus 1",584,10.8925,6361.22
2021-08-01,A2419150403,"AQ Lite Ms","Plus 1",584,11.6938,6829.18
2021-08-01,A2419150404,"AQ Lite Ms","Plus 2",279,11.2117,3128.06
2021-08-01,A2419150404,"AQ Lite Ms","Plus 2",279,11.6332,3245.66
2021-08-01,A2419150404,"AQ Lite Ms","Plus 2",279,12.5879,3512.02
2021-08-01,A2419150405,"AQ Lite Ms","Premium 1",341,11.9431,4072.60
2021-08-01,A2419150405,"AQ Lite Ms","Premium 1",341,12.7423,4345.12
2021-08-01,A2419150405,"AQ Lite Ms","Premium 1",341,12.9904,4429.73
2021-08-01,A2420150406,"AQ Lite Ms","Premium 2",643,11.4307,7349.94
2021-08-01,A2420150406,"AQ Lite Ms","Premium 2",643,12.2979,7907.55
2021-08-01,A2420150406,"AQ Lite Ms","Premium 2",643,13.2622,8527.59
2021-08-01,A2520150501,"AQ Maxima Ms","Standard 1",456,12.0689,5503.42
2021-08-01,A2520150501,"AQ Maxima Ms","Standard 1",456,12.4056,5656.95
2021-08-01,A2520150502,"AQ Maxima Ms","Standard 2",441,14.5267,6406.27
2021-08-01,A2520150502,"AQ Maxima Ms","Standard 2",441,14.0283,6186.48
2021-08-01,A2520150503,"AQ Maxima Ms","Plus 1",1015,14.1682,14380.72
2021-08-01,A2520150503,"AQ Maxima Ms","Plus 1",1015,15.2483,15477.02
2021-08-01,A2520150504,"AQ Maxima Ms","Plus 2",337,14.2800,4812.36
2021-08-01,A2520150504,"AQ Maxima Ms","Plus 2",337,15.3015,5156.61
2021-08-01,A2520150505,"AQ Maxima Ms","Premium 1",639,15.1762,9697.59
2021-08-01,A2520150505,"AQ Maxima Ms","Premium 1",639,15.2526,9746.41
2021-08-01,A2520150506,"AQ Maxima Ms","Premium 2",599,14.5677,8726.05
2021-08-01,A2520150506,"AQ Maxima Ms","Premium 2",599,17.0339,10203.31
2021-08-01,A2620150601,"AQ Qwerty Ms","Standard 1",458,14.9013,6824.80
2021-08-01,A2620150601,"AQ Qwerty Ms","Standard 1",458,14.6964,6730.95
2021-08-01,A2620150602,"AQ Qwerty Ms","Standard 2",139,15.8102,2197.62
2021-08-01,A2620150602,"AQ Qwerty Ms","Standard 2",139,15.3198,2129.45
2021-08-01,A2620150603,"AQ Qwerty Ms","Plus 1",755,15.9792,12064.30
2021-08-01,A2620150603,"AQ Qwerty Ms","Plus 1",755,15.6962,11850.63
2021-08-01,A2620150604,"AQ Qwerty Ms","Plus 2",772,16.5491,12775.91
2021-08-01,A2620150604,"AQ Qwerty Ms","Plus 2",772,17.3022,13357.30
2021-08-01,A2620150605,"AQ Qwerty Ms","Premium 1",603,16.5882,10002.68
2021-08-01,A2620150605,"AQ Qwerty Ms","Premium 1",603,17.8088,10738.71
2021-08-01,A2620150606,"AQ Qwerty Ms","Premium 2",992,16.7850,16650.72
2021-08-01,A2620150606,"AQ Qwerty Ms","Premium 2",992,18.0671,17922.56
2021-08-01,A2720150701,"AQ Trigger Ms","Standard 1",817,17.0917,13963.92
2021-08-01,A2720150701,"AQ Trigger Ms","Standard 1",817,17.7052,14465.15
2021-08-01,A2721150702,"AQ Trigger Ms","Standard 2",795,17.2368,13703.26
2021-08-01,A2721150702,"AQ Trigger Ms","Standard 2",795,17.4468,13870.21
2021-08-01,A2721150703,"AQ Trigger Ms","Plus 1",125,16.9353,2116.91
2021-08-01,A2721150703,"AQ Trigger Ms","Plus 1",125,17.6996,2212.45
2021-08-01,A2721150704,"AQ Trigger Ms","Plus 2",235,19.5860,4602.71
2021-08-01,A2721150704,"AQ Trigger Ms","Plus 2",235,20.1341,4731.51
2021-08-01,A2721150705,"AQ Trigger Ms","Premium 1",146,19.4042,2833.01
2021-08-01,A2721150705,"AQ Trigger Ms","Premium 1",146,20.8537,3044.64
2021-08-01,A2721150706,"AQ Trigger Ms","Premium 2",915,20.0537,18349.14
2021-08-01,A2721150706,"AQ Trigger Ms","Premium 2",915,22.5748,20655.94
2021-08-01,A2821150801,"AQ Lumina Ms","Standard 1",214,21.7118,4646.33
2021-08-01,A2821150801,"AQ Lumina Ms","Standard 1",214,22.0898,4727.22
2021-08-01,A2918150101,"AQ Master wired x1","Standard 1",561,5.9563,3341.48
2021-08-01,A2918150101,"AQ Master wired x1","Standard 1",561,5.0926,2856.95
2021-08-01,A2918150101,"AQ Master wired x1","Standard 1",561,6.6247,3716.46
2021-08-01,A2918150101,"AQ Master wired x1","Standard 1",561,6.8991,3870.40
2021-08-01,A2918150102,"AQ Master wired x1","Standard 2",206,7.2936,1502.48
2021-08-01,A2918150102,"AQ Master wired x1","Standard 2",206,6.5369,1346.60
2021-08-01,A2918150102,"AQ Master wired x1","Standard 2",206,7.7183,1589.97
2021-08-01,A2918150102,"AQ Master wired x1","Standard 2",206,7.5979,1565.17
2021-08-01,A2918150103,"AQ Master wired x1","Plus 1",825,7.2694,5997.26
2021-08-01,A2918150103,"AQ Master wired x1","Plus 1",825,6.6802,5511.17
2021-08-01,A2918150103,"AQ Master wired x1","Plus 1",825,7.4447,6141.88
2021-08-01,A2918150103,"AQ Master wired x1","Plus 1",825,7.7693,6409.67
2021-08-01,A2918150104,"AQ Master wired x1","Plus 2",620,8.7910,5450.42
2021-08-01,A2918150104,"AQ Master wired x1","Plus 2",620,8.0339,4981.02
2021-08-01,A2918150104,"AQ Master wired x1","Plus 2",620,9.2172,5714.66
2021-08-01,A2918150104,"AQ Master wired x1","Plus 2",620,8.9514,5549.87
2021-08-01,A2918150104,"AQ Master wired x1","Plus 2",620,10.3002,6386.12
2021-08-01,A2918150105,"AQ Master wired x1","Premium 1",801,8.5540,6851.75
2021-08-01,A2918150105,"AQ Master wired x1","Premium 1",801,7.9601,6376.04
2021-08-01,A2918150105,"AQ Master wired x1","Premium 1",801,9.0206,7225.50
2021-08-01,A2918150105,"AQ Master wired x1","Premium 1",801,9.4650,7581.47
2021-08-01,A2918150105,"AQ Master wired x1","Premium 1",801,9.8071,7855.49
2021-08-01,A2918150106,"AQ Master wired x1","Premium 2",692,9.5093,6580.44
2021-08-01,A2918150106,"AQ Master wired x1","Premium 2",692,8.6429,5980.89
2021-08-01,A2918150106,"AQ Master wired x1","Premium 2",692,9.7651,6757.45
2021-08-01,A2918150106,"AQ Master wired x1","Premium 2",692,10.4188,7209.81
2021-08-01,A2918150106,"AQ Master wired x1","Premium 2",692,11.1728,7731.58
2021-08-01,A3018150201,"AQ Master wireless x1","Standard 1",836,10.0629,8412.58
2021-08-01,A3018150201,"AQ Master wireless x1","Standard 1",836,10.2907,8603.03
2021-08-01,A3018150201,"AQ Master wireless x1","Standard 1",836,10.1318,8470.18
2021-08-01,A3018150201,"AQ Master wireless x1","Standard 1",836,10.7955,9025.04
2021-08-01,A3018150201,"AQ Master wireless x1","Standard 1",836,11.5340,9642.42
2021-08-01,A3018150202,"AQ Master wireless x1","Standard 2",385,9.9546,3832.52
2021-08-01,A3018150202,"AQ Master wireless x1","Standard 2",385,8.5191,3279.85
2021-08-01,A3018150202,"AQ Master wireless x1","Standard 2",385,10.7548,4140.60
2021-08-01,A3018150202,"AQ Master wireless x1","Standard 2",385,11.0524,4255.17
2021-08-01,A3018150202,"AQ Master wireless x1","Standard 2",385,12.4838,4806.26
2021-08-01,A3018150203,"AQ Master wireless x1","Plus 1",312,11.8215,3688.31
2021-08-01,A3018150203,"AQ Master wireless x1","Plus 1",312,11.3781,3549.97
2021-08-01,A3018150203,"AQ Master wireless x1","Plus 1",312,11.4191,3562.76
2021-08-01,A3018150203,"AQ Master wireless x1","Plus 1",312,12.3739,3860.66
2021-08-01,A3018150203,"AQ Master wireless x1","Plus 1",312,12.8363,4004.93
2021-08-01,A3019150204,"AQ Master wireless x1","Plus 2",741,10.9748,8132.33
2021-08-01,A3019150204,"AQ Master wireless x1","Plus 2",741,9.8846,7324.49
2021-08-01,A3019150204,"AQ Master wireless x1","Plus 2",741,10.5568,7822.59
2021-08-01,A3019150204,"AQ Master wireless x1","Plus 2",741,11.6011,8596.42
2021-08-01,A3019150204,"AQ Master wireless x1","Plus 2",741,12.8300,9507.03
2021-08-01,A3019150205,"AQ Master wireless x1","Premium 1",319,10.4114,3321.24
2021-08-01,A3019150205,"AQ Master wireless x1","Premium 1",319,10.2095,3256.83
2021-08-01,A3019150205,"AQ Master wireless x1","Premium 1",319,11.4364,3648.21
2021-08-01,A3019150205,"AQ Master wireless x1","Premium 1",319,12.0509,3844.24
2021-08-01,A3019150205,"AQ Master wireless x1","Premium 1",319,12.2334,3902.45
2021-08-01,A3019150206,"AQ Master wireless x1","Premium 2",720,12.2966,8853.55
2021-08-01,A3019150206,"AQ Master wireless x1","Premium 2",720,11.6773,8407.66
2021-08-01,A3019150206,"AQ Master wireless x1","Premium 2",720,12.8819,9274.97
2021-08-01,A3019150206,"AQ Master wireless x1","Premium 2",720,13.0018,9361.30
2021-08-01,A3019150206,"AQ Master wireless x1","Premium 2",720,14.3065,10300.68
2021-08-01,A3119150301,"AQ Gamers ","Standard 1",287,12.2524,3516.44
2021-08-01,A3119150301,"AQ Gamers ","Standard 1",287,12.9355,3712.49
2021-08-01,A3119150301,"AQ Gamers ","Standard 1",287,13.5061,3876.25
2021-08-01,A3119150301,"AQ Gamers ","Standard 1",287,14.2861,4100.11
2021-08-01,A3119150302,"AQ Gamers ","Standard 2",389,11.3919,4431.45
2021-08-01,A3119150302,"AQ Gamers ","Standard 2",389,14.0538,5466.93
2021-08-01,A3119150302,"AQ Gamers ","Standard 2",389,15.3071,5954.46
2021-08-01,A3119150302,"AQ Gamers ","Standard 2",389,15.6578,6090.88
2021-08-01,A3119150303,"AQ Gamers ","Plus 1",688,11.9158,8198.07
2021-08-01,A3119150303,"AQ Gamers ","Plus 1",688,14.8815,10238.47
2021-08-01,A3119150303,"AQ Gamers ","Plus 1",688,16.2407,11173.60
2021-08-01,A3119150303,"AQ Gamers ","Plus 1",688,16.6577,11460.50
2021-08-01,A3120150304,"AQ Gamers ","Plus 2",736,12.5841,9261.90
2021-08-01,A3120150304,"AQ Gamers ","Plus 2",736,14.0641,10351.18
2021-08-01,A3120150304,"AQ Gamers ","Plus 2",736,16.3792,12055.09
2021-08-01,A3120150304,"AQ Gamers ","Plus 2",736,17.2113,12667.52
2021-08-01,A3120150305,"AQ Gamers ","Premium 1",118,14.7624,1741.96
2021-08-01,A3120150305,"AQ Gamers ","Premium 1",118,16.1161,1901.70
2021-08-01,A3120150305,"AQ Gamers ","Premium 1",118,16.3218,1925.97
2021-08-01,A3120150305,"AQ Gamers ","Premium 1",118,16.8988,1994.06
2021-08-01,A3120150306,"AQ Gamers ","Premium 2",486,15.3904,7479.73
2021-08-01,A3120150306,"AQ Gamers ","Premium 2",486,16.6688,8101.04
2021-08-01,A3120150306,"AQ Gamers ","Premium 2",486,19.3003,9379.95
2021-08-01,A3120150306,"AQ Gamers ","Premium 2",486,18.1428,8817.40
2021-08-01,A3220150401,"AQ Lite","Standard 1",475,15.0206,7134.79
2021-08-01,A3220150401,"AQ Lite","Standard 1",475,16.3836,7782.21
2021-08-01,A3220150401,"AQ Lite","Standard 1",475,18.4943,8784.79
2021-08-01,A3220150401,"AQ Lite","Standard 1",475,18.9946,9022.44
2021-08-01,A3220150402,"AQ Lite","Standard 2",803,16.0981,12926.77
2021-08-01,A3220150402,"AQ Lite","Standard 2",803,19.5757,15719.29
2021-08-01,A3220150402,"AQ Lite","Standard 2",803,18.7947,15092.14
2021-08-01,A3220150402,"AQ Lite","Standard 2",803,21.2328,17049.94
2021-08-01,A3220150403,"AQ Lite","Plus 1",500,18.6726,9336.30
2021-08-01,A3220150403,"AQ Lite","Plus 1",500,18.5844,9292.20
2021-08-01,A3220150403,"AQ Lite","Plus 1",500,20.0617,10030.85
2021-08-01,A3220150404,"AQ Lite","Plus 2",146,18.2513,2664.69
2021-08-01,A3220150404,"AQ Lite","Plus 2",146,18.4219,2689.60
2021-08-01,A3220150404,"AQ Lite","Plus 2",146,21.3932,3123.41
2021-08-01,A3220150405,"AQ Lite","Premium 1",840,18.1401,15237.68
2021-08-01,A3220150405,"AQ Lite","Premium 1",840,18.9415,15910.86
2021-08-01,A3220150405,"AQ Lite","Premium 1",840,21.2330,17835.72
2021-08-01,A3220150406,"AQ Lite","Premium 2",456,19.4804,8883.06
2021-08-01,A3220150406,"AQ Lite","Premium 2",456,20.0066,9123.01
2021-08-01,A3220150406,"AQ Lite","Premium 2",456,21.2152,9674.13
2021-08-01,A3320150501,"AQ Maxima","Standard 1",845,18.1790,15361.26
2021-08-01,A3320150501,"AQ Maxima","Standard 1",845,20.3908,17230.23
2021-08-01,A3320150501,"AQ Maxima","Standard 1",845,20.9348,17689.91
2021-08-01,A3320150502,"AQ Maxima","Standard 2",102,20.9546,2137.37
2021-08-01,A3320150502,"AQ Maxima","Standard 2",102,21.6988,2213.28
2021-08-01,A3320150502,"AQ Maxima","Standard 2",102,22.2424,2268.72
2021-08-01,A3320150503,"AQ Maxima","Plus 1",389,18.8626,7337.55
2021-08-01,A3320150503,"AQ Maxima","Plus 1",389,20.8733,8119.71
2021-08-01,A3320150503,"AQ Maxima","Plus 1",389,22.9333,8921.05
2021-08-01,A3320150504,"AQ Maxima","Plus 2",509,21.1391,10759.80
2021-08-01,A3320150504,"AQ Maxima","Plus 2",509,22.1341,11266.26
2021-08-01,A3320150504,"AQ Maxima","Plus 2",509,22.6443,11525.95
2021-08-01,A3320150505,"AQ Maxima","Premium 1",139,23.0844,3208.73
2021-08-01,A3320150505,"AQ Maxima","Premium 1",139,23.5797,3277.58
2021-08-01,A3320150506,"AQ Maxima","Premium 2",100,23.7678,2376.78
2021-08-01,A3320150506,"AQ Maxima","Premium 2",100,24.6012,2460.12
2021-08-01,A3420150601,"AQ Qwerty","Standard 1",414,24.5690,10171.57
2021-08-01,A3420150601,"AQ Qwerty","Standard 1",414,26.7691,11082.41
2021-08-01,A3420150602,"AQ Qwerty","Standard 2",583,23.9726,13976.03
2021-08-01,A3420150602,"AQ Qwerty","Standard 2",583,26.6722,15549.89
2021-08-01,A3421150603,"AQ Qwerty","Plus 1",620,26.9507,16709.43
2021-08-01,A3421150603,"AQ Qwerty","Plus 1",620,25.8214,16009.27
2021-08-01,A3421150604,"AQ Qwerty","Plus 2",546,27.4152,14968.70
2021-08-01,A3421150604,"AQ Qwerty","Plus 2",546,29.2567,15974.16
2021-08-01,A3421150605,"AQ Qwerty","Premium 1",491,29.8692,14665.78
2021-08-01,A3421150605,"AQ Qwerty","Premium 1",491,31.2151,15326.61
2021-08-01,A3421150606,"AQ Qwerty","Premium 2",517,29.6709,15339.86
2021-08-01,A3421150606,"AQ Qwerty","Premium 2",517,31.7797,16430.10
2021-08-01,A3521150701,"AQ Trigger","Standard 1",875,29.3872,25713.80
2021-08-01,A3521150701,"AQ Trigger","Standard 1",875,32.5995,28524.56
2021-08-01,A3521150702,"AQ Trigger","Standard 2",614,30.3414,18629.62
2021-08-01,A3521150702,"AQ Trigger","Standard 2",614,31.0668,19075.02
2021-08-01,A3521150703,"AQ Trigger","Plus 1",380,31.7665,12071.27
2021-08-01,A3521150703,"AQ Trigger","Plus 1",380,34.7948,13222.02
2021-08-01,A3521150704,"AQ Trigger","Plus 2",611,33.6246,20544.63
2021-08-01,A3521150704,"AQ Trigger","Plus 2",611,34.2684,20937.99
2021-08-01,A3521150705,"AQ Trigger","Premium 1",394,34.5114,13597.49
2021-08-01,A3521150705,"AQ Trigger","Premium 1",394,34.1840,13468.50
2021-08-01,A3718150101,"AQ LION x1",Standard,53,14.8373,786.38
2021-08-01,A3718150101,"AQ LION x1",Standard,53,13.5836,719.93
2021-08-01,A3718150101,"AQ LION x1",Standard,53,15.4679,819.80
2021-08-01,A3718150101,"AQ LION x1",Standard,53,16.5127,875.17
2021-08-01,A3718150101,"AQ LION x1",Standard,53,17.5588,930.62
2021-08-01,A3718150102,"AQ LION x1","Plus 1 ",55,15.1965,835.81
2021-08-01,A3718150102,"AQ LION x1","Plus 1 ",55,15.5216,853.69
2021-08-01,A3718150102,"AQ LION x1","Plus 1 ",55,16.6587,916.23
2021-08-01,A3718150102,"AQ LION x1","Plus 1 ",55,16.1015,885.58
2021-08-01,A3718150102,"AQ LION x1","Plus 1 ",55,17.5896,967.43
2021-08-01,A3718150103,"AQ LION x1","Plus 2",38,15.5279,590.06
2021-08-01,A3718150103,"AQ LION x1","Plus 2",38,14.8738,565.20
2021-08-01,A3718150103,"AQ LION x1","Plus 2",38,16.2027,615.70
2021-08-01,A3718150103,"AQ LION x1","Plus 2",38,17.5697,667.65
2021-08-01,A3718150103,"AQ LION x1","Plus 2",38,17.9197,680.95
2021-08-01,A3718150105,"AQ LION x1",Premium,68,15.0771,1025.24
2021-08-01,A3718150105,"AQ LION x1",Premium,68,14.1616,962.99
2021-08-01,A3718150105,"AQ LION x1",Premium,68,16.9522,1152.75
2021-08-01,A3718150105,"AQ LION x1",Premium,68,18.0312,1226.12
2021-08-01,A3718150105,"AQ LION x1",Premium,68,17.5920,1196.26
2021-08-01,A3818150201,"AQ LION x2",Standard,71,14.2530,1011.96
2021-08-01,A3818150201,"AQ LION x2",Standard,71,13.8166,980.98
2021-08-01,A3818150201,"AQ LION x2",Standard,71,16.0551,1139.91
2021-08-01,A3818150201,"AQ LION x2",Standard,71,17.2648,1225.80
2021-08-01,A3818150201,"AQ LION x2",Standard,71,18.1091,1285.75
2021-08-01,A3818150202,"AQ LION x2","Plus 1 ",21,16.3085,342.48
2021-08-01,A3818150202,"AQ LION x2","Plus 1 ",21,17.1932,361.06
2021-08-01,A3818150202,"AQ LION x2","Plus 1 ",21,16.5828,348.24
2021-08-01,A3818150202,"AQ LION x2","Plus 1 ",21,17.5197,367.91
2021-08-01,A3818150202,"AQ LION x2","Plus 1 ",21,18.5331,389.20
2021-08-01,A3819150203,"AQ LION x2","Plus 2",76,14.9939,1139.54
2021-08-01,A3819150203,"AQ LION x2","Plus 2",76,17.0648,1296.92
2021-08-01,A3819150203,"AQ LION x2","Plus 2",76,18.4533,1402.45
2021-08-01,A3819150203,"AQ LION x2","Plus 2",76,20.4602,1554.98
2021-08-01,A3819150204,"AQ LION x2","Plus 3",56,18.0584,1011.27
2021-08-01,A3819150204,"AQ LION x2","Plus 3",56,18.8824,1057.41
2021-08-01,A3819150204,"AQ LION x2","Plus 3",56,21.1942,1186.88
2021-08-01,A3819150205,"AQ LION x2",Premium,54,18.1524,980.23
2021-08-01,A3819150205,"AQ LION x2",Premium,54,19.6220,1059.59
2021-08-01,A3819150205,"AQ LION x2",Premium,54,21.6066,1166.76
2021-08-01,A3819150205,"AQ LION x2",Premium,54,23.7694,1283.55
2021-08-01,A3920150301,"AQ LION x3",Standard,29,20.7513,601.79
2021-08-01,A3920150301,"AQ LION x3",Standard,29,22.1454,642.22
2021-08-01,A3920150301,"AQ LION x3",Standard,29,23.4593,680.32
2021-08-01,A3920150302,"AQ LION x3","Plus 1 ",31,22.3948,694.24
2021-08-01,A3920150302,"AQ LION x3","Plus 1 ",31,23.1520,717.71
2021-08-01,A3920150302,"AQ LION x3","Plus 1 ",31,24.1884,749.84
2021-08-01,A3920150303,"AQ LION x3","Plus 2",22,23.0298,506.66
2021-08-01,A3920150303,"AQ LION x3","Plus 2",22,25.4670,560.27
2021-08-01,A3920150303,"AQ LION x3","Plus 2",22,25.8054,567.72
2021-08-01,A3920150304,"AQ LION x3","Plus 3",71,25.2923,1795.75
2021-08-01,A3920150304,"AQ LION x3","Plus 3",71,25.0442,1778.14
2021-08-01,A3920150305,"AQ LION x3",Premium,53,25.7120,1362.74
2021-08-01,A3920150305,"AQ LION x3",Premium,53,27.4546,1455.09
2021-08-01,A3920150305,"AQ LION x3",Premium,53,28.8775,1530.51
2021-08-01,A4020150401,"AQ Mx NB",Standard,62,25.0815,1555.05
2021-08-01,A4020150401,"AQ Mx NB",Standard,62,26.9302,1669.67
2021-08-01,A4020150401,"AQ Mx NB",Standard,62,29.6179,1836.31
2021-08-01,A4020150402,"AQ Mx NB","Plus 1 ",72,24.7483,1781.88
2021-08-01,A4020150402,"AQ Mx NB","Plus 1 ",72,28.4500,2048.40
2021-08-01,A4020150402,"AQ Mx NB","Plus 1 ",72,29.4337,2119.23
2021-08-01,A4021150403,"AQ Mx NB","Plus 2",34,29.9423,1018.04
2021-08-01,A4021150403,"AQ Mx NB","Plus 2",34,30.1640,1025.58
2021-08-01,A4021150404,"AQ Mx NB","Plus 3",76,28.5800,2172.08
2021-08-01,A4021150404,"AQ Mx NB","Plus 3",76,32.2424,2450.42
2021-08-01,A4021150405,"AQ Mx NB",Premium,44,31.7029,1394.93
2021-08-01,A4021150405,"AQ Mx NB",Premium,44,31.4889,1385.51
2021-08-01,A4118110105,"AQ Aspiron","Plus Blue",14,160.8792,2252.31
2021-08-01,A4118110105,"AQ Aspiron","Plus Blue",14,155.8812,2182.34
2021-08-01,A4118110105,"AQ Aspiron","Plus Blue",14,179.2448,2509.43
2021-08-01,A4118110105,"AQ Aspiron","Plus Blue",14,182.8932,2560.50
2021-08-01,A4118110105,"AQ Aspiron","Plus Blue",14,186.7438,2614.41
2021-08-01,A4118110106,"AQ Aspiron","Plus Red",8,160.6960,1285.57
2021-08-01,A4118110106,"AQ Aspiron","Plus Red",8,155.7262,1245.81
2021-08-01,A4118110106,"AQ Aspiron","Plus Red",8,164.6593,1317.27
2021-08-01,A4118110106,"AQ Aspiron","Plus Red",8,187.7533,1502.03
2021-08-01,A4118110106,"AQ Aspiron","Plus Red",8,180.1529,1441.22
2021-08-01,A4118110107,"AQ Aspiron","Premium Black",28,151.7050,4247.74
2021-08-01,A4118110107,"AQ Aspiron","Premium Black",28,157.8368,4419.43
2021-08-01,A4118110107,"AQ Aspiron","Premium Black",28,182.4194,5107.74
2021-08-01,A4118110107,"AQ Aspiron","Premium Black",28,195.7721,5481.62
2021-08-01,A4118110107,"AQ Aspiron","Premium Black",28,200.9967,5627.91
2021-08-01,A4218110201,"AQ Digit","Standard Grey",23,169.6995,3903.09
2021-08-01,A4218110201,"AQ Digit","Standard Grey",23,155.8899,3585.47
2021-08-01,A4218110201,"AQ Digit","Standard Grey",23,182.2427,4191.58
2021-08-01,A4218110201,"AQ Digit","Standard Grey",23,200.2732,4606.28
2021-08-01,A4218110201,"AQ Digit","Standard Grey",23,199.1197,4579.75
2021-08-01,A4218110202,"AQ Digit","Standard Blue",11,178.6515,1965.17
2021-08-01,A4218110202,"AQ Digit","Standard Blue",11,186.2963,2049.26
2021-08-01,A4218110202,"AQ Digit","Standard Blue",11,214.0228,2354.25
2021-08-01,A4218110202,"AQ Digit","Standard Blue",11,215.9341,2375.28
2021-08-01,A4218110202,"AQ Digit","Standard Blue",11,229.3728,2523.10
2021-08-01,A4218110203,"AQ Digit","Standard Red",33,188.1041,6207.44
2021-08-01,A4218110203,"AQ Digit","Standard Red",33,173.7689,5734.37
2021-08-01,A4218110203,"AQ Digit","Standard Red",33,206.9644,6829.83
2021-08-01,A4218110203,"AQ Digit","Standard Red",33,236.8486,7816.00
2021-08-01,A4218110203,"AQ Digit","Standard Red",33,249.9859,8249.53
2021-08-01,A4218110204,"AQ Digit","Plus Grey",28,218.6216,6121.40
2021-08-01,A4218110204,"AQ Digit","Plus Grey",28,212.0630,5937.76
2021-08-01,A4218110204,"AQ Digit","Plus Grey",28,225.6933,6319.41
2021-08-01,A4218110204,"AQ Digit","Plus Grey",28,232.1038,6498.91
2021-08-01,A4218110204,"AQ Digit","Plus Grey",28,247.9097,6941.47
2021-08-01,A4218110205,"AQ Digit","Plus Blue",8,216.7417,1733.93
2021-08-01,A4218110205,"AQ Digit","Plus Blue",8,203.7660,1630.13
2021-08-01,A4218110205,"AQ Digit","Plus Blue",8,241.4048,1931.24
2021-08-01,A4218110205,"AQ Digit","Plus Blue",8,240.1403,1921.12
2021-08-01,A4218110205,"AQ Digit","Plus Blue",8,249.4914,1995.93
2021-08-01,A4218110206,"AQ Digit","Plus Red",22,207.4623,4564.17
2021-08-01,A4218110206,"AQ Digit","Plus Red",22,224.1823,4932.01
2021-08-01,A4218110206,"AQ Digit","Plus Red",22,237.0183,5214.40
2021-08-01,A4218110206,"AQ Digit","Plus Red",22,254.6505,5602.31
2021-08-01,A4218110207,"AQ Digit","Premium Black",28,198.6216,5561.40
2021-08-01,A4218110207,"AQ Digit","Premium Black",28,219.3972,6143.12
2021-08-01,A4218110207,"AQ Digit","Premium Black",28,249.1303,6975.65
2021-08-01,A4218110207,"AQ Digit","Premium Black",28,254.7062,7131.77
2021-08-01,A4218110208,"AQ Digit","Premium Misty Green",16,194.3987,3110.38
2021-08-01,A4218110208,"AQ Digit","Premium Misty Green",16,217.1334,3474.13
2021-08-01,A4218110208,"AQ Digit","Premium Misty Green",16,243.0414,3888.66
2021-08-01,A4218110208,"AQ Digit","Premium Misty Green",16,269.2106,4307.37
2021-08-01,A4318110301,"AQ Velocity","Standard Grey",32,217.7112,6966.76
2021-08-01,A4318110301,"AQ Velocity","Standard Grey",32,250.7311,8023.40
2021-08-01,A4318110301,"AQ Velocity","Standard Grey",32,264.7000,8470.40
2021-08-01,A4318110301,"AQ Velocity","Standard Grey",32,275.1377,8804.41
2021-08-01,A4319110302,"AQ Velocity","Standard Blue",32,198.1168,6339.74
2021-08-01,A4319110302,"AQ Velocity","Standard Blue",32,227.5638,7282.04
2021-08-01,A4319110302,"AQ Velocity","Standard Blue",32,267.2091,8550.69
2021-08-01,A4319110302,"AQ Velocity","Standard Blue",32,272.3082,8713.86
2021-08-01,A4319110303,"AQ Velocity","Standard Red",28,193.4498,5416.59
2021-08-01,A4319110303,"AQ Velocity","Standard Red",28,241.4135,6759.58
2021-08-01,A4319110303,"AQ Velocity","Standard Red",28,261.2305,7314.45
2021-08-01,A4319110303,"AQ Velocity","Standard Red",28,285.1810,7985.07
2021-08-01,A4319110304,"AQ Velocity","Plus Grey",36,211.9411,7629.88
2021-08-01,A4319110304,"AQ Velocity","Plus Grey",36,243.9734,8783.04
2021-08-01,A4319110304,"AQ Velocity","Plus Grey",36,267.0636,9614.29
2021-08-01,A4319110304,"AQ Velocity","Plus Grey",36,279.5370,10063.33
2021-08-01,A4319110305,"AQ Velocity","Plus Blue",34,226.7356,7709.01
2021-08-01,A4319110305,"AQ Velocity","Plus Blue",34,249.6999,8489.80
2021-08-01,A4319110305,"AQ Velocity","Plus Blue",34,277.8079,9445.47
2021-08-01,A4319110305,"AQ Velocity","Plus Blue",34,297.8441,10126.70
2021-08-01,A4319110306,"AQ Velocity","Plus Red",19,213.2268,4051.31
2021-08-01,A4319110306,"AQ Velocity","Plus Red",19,252.9850,4806.72
2021-08-01,A4319110306,"AQ Velocity","Plus Red",19,275.8194,5240.57
2021-08-01,A4319110306,"AQ Velocity","Plus Red",19,275.4291,5233.15
2021-08-01,A4419110401,"AQ Elite","Standard Grey",25,219.0032,5475.08
2021-08-01,A4419110401,"AQ Elite","Standard Grey",25,258.2179,6455.45
2021-08-01,A4419110401,"AQ Elite","Standard Grey",25,271.3471,6783.68
2021-08-01,A4419110401,"AQ Elite","Standard Grey",25,294.3112,7357.78
2021-08-01,A4419110402,"AQ Elite","Standard Blue",36,234.5086,8442.31
2021-08-01,A4419110402,"AQ Elite","Standard Blue",36,270.5573,9740.06
2021-08-01,A4419110402,"AQ Elite","Standard Blue",36,281.9504,10150.21
2021-08-01,A4419110402,"AQ Elite","Standard Blue",36,309.5463,11143.67
2021-08-01,A4419110403,"AQ Elite","Standard Red",39,234.7982,9157.13
2021-08-01,A4419110403,"AQ Elite","Standard Red",39,267.8653,10446.75
2021-08-01,A4419110403,"AQ Elite","Standard Red",39,288.0503,11233.96
2021-08-01,A4419110403,"AQ Elite","Standard Red",39,298.8889,11656.67
2021-08-01,A4419110404,"AQ Elite","Plus Grey",34,284.8810,9685.95
2021-08-01,A4419110404,"AQ Elite","Plus Grey",34,286.8973,9754.51
2021-08-01,A4419110404,"AQ Elite","Plus Grey",34,319.8354,10874.40
2021-08-01,A4419110405,"AQ Elite","Plus Blue",28,299.4172,8383.68
2021-08-01,A4419110405,"AQ Elite","Plus Blue",28,291.2071,8153.80
2021-08-01,A4419110405,"AQ Elite","Plus Blue",28,321.1314,8991.68
2021-08-01,A4419110406,"AQ Elite","Plus Red",23,281.2664,6469.13
2021-08-01,A4419110406,"AQ Elite","Plus Red",23,287.5666,6614.03
2021-08-01,A4419110406,"AQ Elite","Plus Red",23,301.3344,6930.69
2021-08-01,A4419110407,"AQ Elite","Premium Black",9,272.4850,2452.37
2021-08-01,A4419110407,"AQ Elite","Premium Black",9,287.4934,2587.44
2021-08-01,A4419110407,"AQ Elite","Premium Black",9,327.6938,2949.24
2021-08-01,A4419110408,"AQ Elite","Premium Misty Green",9,298.6129,2687.52
2021-08-01,A4419110408,"AQ Elite","Premium Misty Green",9,297.0277,2673.25
2021-08-01,A4419110408,"AQ Elite","Premium Misty Green",9,334.8519,3013.67
2021-08-01,A4519110501,"AQ Gen X","Standard Grey",13,301.4670,3919.07
2021-08-01,A4519110501,"AQ Gen X","Standard Grey",13,311.8396,4053.91
2021-08-01,A4519110501,"AQ Gen X","Standard Grey",13,331.9323,4315.12
2021-08-01,A4519110502,"AQ Gen X","Standard Blue",37,296.9288,10986.37
2021-08-01,A4519110502,"AQ Gen X","Standard Blue",37,300.3378,11112.50
2021-08-01,A4519110502,"AQ Gen X","Standard Blue",37,330.1661,12216.15
2021-08-01,A4519110503,"AQ Gen X","Standard Red",39,287.9833,11231.35
2021-08-01,A4519110503,"AQ Gen X","Standard Red",39,306.9189,11969.84
2021-08-01,A4519110503,"AQ Gen X","Standard Red",39,338.7865,13212.67
2021-08-01,A4520110504,"AQ Gen X","Plus Grey",38,310.0885,11783.36
2021-08-01,A4520110504,"AQ Gen X","Plus Grey",38,341.7343,12985.90
2021-08-01,A4520110504,"AQ Gen X","Plus Grey",38,353.6840,13439.99
2021-08-01,A4520110505,"AQ Gen X","Plus Blue",28,325.2156,9106.04
2021-08-01,A4520110505,"AQ Gen X","Plus Blue",28,330.8280,9263.18
2021-08-01,A4520110506,"AQ Gen X","Plus Red",39,325.2561,12684.99
2021-08-01,A4520110506,"AQ Gen X","Plus Red",39,375.8694,14658.91
2021-08-01,A4520110507,"AQ Gen X","Premium Black",30,322.9426,9688.28
2021-08-01,A4520110507,"AQ Gen X","Premium Black",30,359.4757,10784.27
2021-08-01,A4520110508,"AQ Gen X","Premium Misty Green",30,327.0930,9812.79
2021-08-01,A4520110508,"AQ Gen X","Premium Misty Green",30,364.1450,10924.35
2021-08-01,A4620110601,"AQ Gen Y","Standard Grey",37,347.2474,12848.15
2021-08-01,A4620110601,"AQ Gen Y","Standard Grey",37,346.4184,12817.48
2021-08-01,A4620110602,"AQ Gen Y","Standard Blue",23,346.6886,7973.84
2021-08-01,A4620110602,"AQ Gen Y","Standard Blue",23,368.1202,8466.76
2021-08-01,A4620110603,"AQ Gen Y","Standard Red",31,366.0459,11347.42
2021-08-01,A4620110603,"AQ Gen Y","Standard Red",31,378.6195,11737.20
2021-08-01,A4620110604,"AQ Gen Y","Plus Grey",14,353.0982,4943.37
2021-08-01,A4620110604,"AQ Gen Y","Plus Grey",14,361.1050,5055.47
2021-08-01,A4620110605,"AQ Gen Y","Plus Blue",13,349.2525,4540.28
2021-08-01,A4620110605,"AQ Gen Y","Plus Blue",13,403.2148,5241.79
2021-08-01,A4620110606,"AQ Gen Y","Plus Red",35,348.5375,12198.81
2021-08-01,A4620110606,"AQ Gen Y","Plus Red",35,352.9651,12353.78
2021-08-01,A4620110607,"AQ Gen Y","Premium Black",32,347.8030,11129.70
2021-08-01,A4620110607,"AQ Gen Y","Premium Black",32,401.0301,12832.96
2021-08-01,A4620110608,"AQ Gen Y","Premium Misty Green",18,363.0630,6535.13
2021-08-01,A4620110608,"AQ Gen Y","Premium Misty Green",18,370.6679,6672.02
2021-08-01,A4720110701,"AQ GEN Z","Standard Grey",9,367.7335,3309.60
2021-08-01,A4720110701,"AQ GEN Z","Standard Grey",9,414.9311,3734.38
2021-08-01,A4720110702,"AQ GEN Z","Standard Blue",26,371.4027,9656.47
2021-08-01,A4720110702,"AQ GEN Z","Standard Blue",26,396.5820,10311.13
2021-08-01,A4721110703,"AQ GEN Z","Standard Red",32,361.6496,11572.79
2021-08-01,A4721110703,"AQ GEN Z","Standard Red",32,422.0133,13504.43
2021-08-01,A4721110704,"AQ GEN Z","Plus Grey",13,380.2153,4942.80
2021-08-01,A4721110704,"AQ GEN Z","Plus Grey",13,374.1890,4864.46
2021-08-01,A4721110705,"AQ GEN Z","Plus Blue",23,377.4069,8680.36
2021-08-01,A4721110705,"AQ GEN Z","Plus Blue",23,391.0368,8993.85
2021-08-01,A4918110101,"AQ BZ 101","Standard Grey",7,362.8123,2539.69
2021-08-01,A4918110101,"AQ BZ 101","Standard Grey",7,354.4150,2480.91
2021-08-01,A4918110101,"AQ BZ 101","Standard Grey",7,414.0527,2898.37
2021-08-01,A4918110101,"AQ BZ 101","Standard Grey",7,419.1936,2934.36
2021-08-01,A4918110101,"AQ BZ 101","Standard Grey",7,454.0007,3178.00
2021-08-01,A4918110102,"AQ BZ 101","Standard Blue",21,377.9958,7937.91
2021-08-01,A4918110102,"AQ BZ 101","Standard Blue",21,358.5876,7530.34
2021-08-01,A4918110102,"AQ BZ 101","Standard Blue",21,410.7825,8626.43
2021-08-01,A4918110102,"AQ BZ 101","Standard Blue",21,451.4881,9481.25
2021-08-01,A4918110102,"AQ BZ 101","Standard Blue",21,488.4622,10257.71
2021-08-01,A4918110103,"AQ BZ 101","Premium Black",5,382.5280,1912.64
2021-08-01,A4918110103,"AQ BZ 101","Premium Black",5,363.6566,1818.28
2021-08-01,A4918110103,"AQ BZ 101","Premium Black",5,404.5499,2022.75
2021-08-01,A4918110103,"AQ BZ 101","Premium Black",5,428.1451,2140.73
2021-08-01,A4918110103,"AQ BZ 101","Premium Black",5,477.8976,2389.49
2021-08-01,A4918110104,"AQ BZ 101","Premium Misty Green",18,407.4077,7333.34
2021-08-01,A4918110104,"AQ BZ 101","Premium Misty Green",18,381.4794,6866.63
2021-08-01,A4918110104,"AQ BZ 101","Premium Misty Green",18,442.7747,7969.94
2021-08-01,A4918110104,"AQ BZ 101","Premium Misty Green",18,460.2805,8285.05
2021-08-01,A4918110104,"AQ BZ 101","Premium Misty Green",18,455.0545,8190.98
2021-08-01,A5018110201,"AQ BZ Compact","Standard Grey",13,395.5787,5142.52
2021-08-01,A5018110201,"AQ BZ Compact","Standard Grey",13,368.0411,4784.53
2021-08-01,A5018110201,"AQ BZ Compact","Standard Grey",13,448.4344,5829.65
2021-08-01,A5018110201,"AQ BZ Compact","Standard Grey",13,451.7049,5872.16
2021-08-01,A5018110201,"AQ BZ Compact","Standard Grey",13,463.1570,6021.04
2021-08-01,A5018110202,"AQ BZ Compact","Standard Blue",19,413.1084,7849.06
2021-08-01,A5018110202,"AQ BZ Compact","Standard Blue",19,412.7582,7842.41
2021-08-01,A5018110202,"AQ BZ Compact","Standard Blue",19,460.2120,8744.03
2021-08-01,A5018110202,"AQ BZ Compact","Standard Blue",19,462.5568,8788.58
2021-08-01,A5018110202,"AQ BZ Compact","Standard Blue",19,438.4616,8330.77
2021-08-01,A5018110203,"AQ BZ Compact","Standard Red",12,409.7719,4917.26
2021-08-01,A5018110203,"AQ BZ Compact","Standard Red",12,371.6314,4459.58
2021-08-01,A5018110203,"AQ BZ Compact","Standard Red",12,429.9140,5158.97
2021-08-01,A5018110203,"AQ BZ Compact","Standard Red",12,452.1420,5425.70
2021-08-01,A5018110203,"AQ BZ Compact","Standard Red",12,476.5341,5718.41
2021-08-01,A5018110204,"AQ BZ Compact","Plus Grey",22,389.9866,8579.71
2021-08-01,A5018110204,"AQ BZ Compact","Plus Grey",22,364.5204,8019.45
2021-08-01,A5018110204,"AQ BZ Compact","Plus Grey",22,423.8962,9325.72
2021-08-01,A5018110204,"AQ BZ Compact","Plus Grey",22,447.7337,9850.14
2021-08-01,A5018110204,"AQ BZ Compact","Plus Grey",22,489.4859,10768.69
2021-08-01,A5018110205,"AQ BZ Compact","Plus Blue",11,401.3629,4414.99
2021-08-01,A5018110205,"AQ BZ Compact","Plus Blue",11,445.7859,4903.64
2021-08-01,A5018110205,"AQ BZ Compact","Plus Blue",11,486.1763,5347.94
2021-08-01,A5018110205,"AQ BZ Compact","Plus Blue",11,468.7110,5155.82
2021-08-01,A5018110206,"AQ BZ Compact","Plus Red",6,365.3942,2192.37
2021-08-01,A5018110206,"AQ BZ Compact","Plus Red",6,419.1448,2514.87
2021-08-01,A5018110206,"AQ BZ Compact","Plus Red",6,475.5544,2853.33
2021-08-01,A5018110206,"AQ BZ Compact","Plus Red",6,482.2904,2893.74
2021-08-01,A5018110207,"AQ BZ Compact","Premium Black",9,396.3206,3566.89
2021-08-01,A5018110207,"AQ BZ Compact","Premium Black",9,434.3492,3909.14
2021-08-01,A5018110207,"AQ BZ Compact","Premium Black",9,475.1904,4276.71
2021-08-01,A5018110207,"AQ BZ Compact","Premium Black",9,532.1954,4789.76
2021-08-01,A5019110208,"AQ BZ Compact","Premium Misty Green",21,367.4750,7716.98
2021-08-01,A5019110208,"AQ BZ Compact","Premium Misty Green",21,422.5003,8872.51
2021-08-01,A5019110208,"AQ BZ Compact","Premium Misty Green",21,467.3047,9813.40
2021-08-01,A5019110208,"AQ BZ Compact","Premium Misty Green",21,499.2907,10485.10
2021-08-01,A5119110301,"AQ BZ Gen Y","Standard Grey",18,396.6661,7139.99
2021-08-01,A5119110301,"AQ BZ Gen Y","Standard Grey",18,447.8328,8060.99
2021-08-01,A5119110301,"AQ BZ Gen Y","Standard Grey",18,479.0441,8622.79
2021-08-01,A5119110301,"AQ BZ Gen Y","Standard Grey",18,504.4033,9079.26
2021-08-01,A5119110302,"AQ BZ Gen Y","Standard Blue",17,407.1738,6921.95
2021-08-01,A5119110302,"AQ BZ Gen Y","Standard Blue",17,429.4731,7301.04
2021-08-01,A5119110302,"AQ BZ Gen Y","Standard Blue",17,474.3132,8063.32
2021-08-01,A5119110302,"AQ BZ Gen Y","Standard Blue",17,473.8250,8055.03
2021-08-01,A5119110303,"AQ BZ Gen Y","Standard Red",15,418.8955,6283.43
2021-08-01,A5119110303,"AQ BZ Gen Y","Standard Red",15,435.3706,6530.56
2021-08-01,A5119110303,"AQ BZ Gen Y","Standard Red",15,474.3154,7114.73
2021-08-01,A5119110303,"AQ BZ Gen Y","Standard Red",15,514.2513,7713.77
2021-08-01,A5119110305,"AQ BZ Gen Y","Plus Blue",23,455.3407,10472.84
2021-08-01,A5119110305,"AQ BZ Gen Y","Plus Blue",23,483.3813,11117.77
2021-08-01,A5119110305,"AQ BZ Gen Y","Plus Blue",23,529.9028,12187.76
2021-08-01,A5119110306,"AQ BZ Gen Y","Plus Red",12,487.0934,5845.12
2021-08-01,A5119110306,"AQ BZ Gen Y","Plus Red",12,486.4857,5837.83
2021-08-01,A5119110306,"AQ BZ Gen Y","Plus Red",12,556.4849,6677.82
2021-08-01,A5119110307,"AQ BZ Gen Y","Premium Black",17,506.2689,8606.57
2021-08-01,A5119110307,"AQ BZ Gen Y","Premium Black",17,516.4580,8779.79
2021-08-01,A5119110307,"AQ BZ Gen Y","Premium Black",17,551.7680,9380.06
2021-08-01,A5119110308,"AQ BZ Gen Y","Premium Misty Green",26,502.7354,13071.12
2021-08-01,A5119110308,"AQ BZ Gen Y","Premium Misty Green",26,512.5811,13327.11
2021-08-01,A5119110308,"AQ BZ Gen Y","Premium Misty Green",26,512.3217,13320.36
2021-08-01,A5219110401,"AQ BZ Gen Z","Standard Grey",13,502.3724,6530.84
2021-08-01,A5219110401,"AQ BZ Gen Z","Standard Grey",13,506.9644,6590.54
2021-08-01,A5219110401,"AQ BZ Gen Z","Standard Grey",13,537.3272,6985.25
2021-08-01,A5219110402,"AQ BZ Gen Z","Standard Blue",24,456.1586,10947.81
2021-08-01,A5219110402,"AQ BZ Gen Z","Standard Blue",24,490.1582,11763.80
2021-08-01,A5219110402,"AQ BZ Gen Z","Standard Blue",24,573.2411,13757.79
2021-08-01,A5219110403,"AQ BZ Gen Z","Standard Red",25,473.8973,11847.43
2021-08-01,A5219110403,"AQ BZ Gen Z","Standard Red",25,525.8042,13145.11
2021-08-01,A5219110403,"AQ BZ Gen Z","Standard Red",25,549.9799,13749.50
2021-08-01,A5219110405,"AQ BZ Gen Z","Plus Blue",21,523.6100,10995.81
2021-08-01,A5219110405,"AQ BZ Gen Z","Plus Blue",21,521.2603,10946.47
2021-08-01,A5219110405,"AQ BZ Gen Z","Plus Blue",21,526.8776,11064.43
2021-08-01,A5219110406,"AQ BZ Gen Z","Plus Red",7,492.9352,3450.55
2021-08-01,A5219110406,"AQ BZ Gen Z","Plus Red",7,550.4597,3853.22
2021-08-01,A5219110406,"AQ BZ Gen Z","Plus Red",7,528.1393,3696.98
2021-08-01,A5219110407,"AQ BZ Gen Z","Premium Black",12,545.5931,6547.12
2021-08-01,A5219110407,"AQ BZ Gen Z","Premium Black",12,572.6359,6871.63
2021-08-01,A5220110408,"AQ BZ Gen Z","Premium Misty Green",9,533.0397,4797.36
2021-08-01,A5220110408,"AQ BZ Gen Z","Premium Misty Green",9,615.5623,5540.06
2021-08-01,A5318110103,"AQ Gamer 1","Standard Black",10,471.8502,4718.50
2021-08-01,A5318110103,"AQ Gamer 1","Standard Black",10,459.9828,4599.83
2021-08-01,A5318110103,"AQ Gamer 1","Standard Black",10,514.3688,5143.69
2021-08-01,A5318110103,"AQ Gamer 1","Standard Black",10,584.9722,5849.72
2021-08-01,A5318110103,"AQ Gamer 1","Standard Black",10,588.5574,5885.57
2021-08-01,A5318110104,"AQ Gamer 1","Plus Firey Red",12,496.9130,5962.96
2021-08-01,A5318110104,"AQ Gamer 1","Plus Firey Red",12,478.5589,5742.71
2021-08-01,A5318110104,"AQ Gamer 1","Plus Firey Red",12,521.9562,6263.47
2021-08-01,A5318110104,"AQ Gamer 1","Plus Firey Red",12,586.3824,7036.59
2021-08-01,A5318110104,"AQ Gamer 1","Plus Firey Red",12,594.9907,7139.89
2021-08-01,A5318110105,"AQ Gamer 1","Plus Cool Blue",10,518.9729,5189.73
2021-08-01,A5318110105,"AQ Gamer 1","Plus Cool Blue",10,503.8934,5038.93
2021-08-01,A5318110105,"AQ Gamer 1","Plus Cool Blue",10,545.0863,5450.86
2021-08-01,A5318110105,"AQ Gamer 1","Plus Cool Blue",10,551.3303,5513.30
2021-08-01,A5318110105,"AQ Gamer 1","Plus Cool Blue",10,601.6396,6016.40
2021-08-01,A5318110106,"AQ Gamer 1","Plus Black",7,501.8961,3513.27
2021-08-01,A5318110106,"AQ Gamer 1","Plus Black",7,461.6502,3231.55
2021-08-01,A5318110106,"AQ Gamer 1","Plus Black",7,520.4234,3642.96
2021-08-01,A5318110106,"AQ Gamer 1","Plus Black",7,565.8747,3961.12
2021-08-01,A5318110106,"AQ Gamer 1","Plus Black",7,580.1331,4060.93
2021-08-01,A5318110107,"AQ Gamer 1","Premium Black",9,527.6249,4748.62
2021-08-01,A5318110107,"AQ Gamer 1","Premium Black",9,469.5085,4225.58
2021-08-01,A5318110107,"AQ Gamer 1","Premium Black",9,581.6294,5234.66
2021-08-01,A5318110107,"AQ Gamer 1","Premium Black",9,571.6489,5144.84
2021-08-01,A5318110107,"AQ Gamer 1","Premium Black",9,600.4034,5403.63
2021-08-01,A5318110108,"AQ Gamer 1","Premium Misty Green",14,508.5042,7119.06
2021-08-01,A5318110108,"AQ Gamer 1","Premium Misty Green",14,458.2562,6415.59
2021-08-01,A5318110108,"AQ Gamer 1","Premium Misty Green",14,555.7164,7780.03
2021-08-01,A5318110108,"AQ Gamer 1","Premium Misty Green",14,579.6609,8115.25
2021-08-01,A5318110108,"AQ Gamer 1","Premium Misty Green",14,579.7842,8116.98
2021-08-01,A5419110201,"AQ Gamer 2","Standard Firey Red",4,476.7233,1906.89
2021-08-01,A5419110201,"AQ Gamer 2","Standard Firey Red",4,449.7209,1798.88
2021-08-01,A5419110201,"AQ Gamer 2","Standard Firey Red",4,556.8804,2227.52
2021-08-01,A5419110201,"AQ Gamer 2","Standard Firey Red",4,585.0003,2340.00
2021-08-01,A5419110201,"AQ Gamer 2","Standard Firey Red",4,611.7302,2446.92
2021-08-01,A5419110202,"AQ Gamer 2","Standard Cool Blue",6,508.1890,3049.13
2021-08-01,A5419110202,"AQ Gamer 2","Standard Cool Blue",6,488.0803,2928.48
2021-08-01,A5419110202,"AQ Gamer 2","Standard Cool Blue",6,551.0983,3306.59
2021-08-01,A5419110202,"AQ Gamer 2","Standard Cool Blue",6,567.9271,3407.56
2021-08-01,A5419110202,"AQ Gamer 2","Standard Cool Blue",6,591.9892,3551.94
2021-08-01,A5419110203,"AQ Gamer 2","Standard Black",12,513.4140,6160.97
2021-08-01,A5419110203,"AQ Gamer 2","Standard Black",12,454.2850,5451.42
2021-08-01,A5419110203,"AQ Gamer 2","Standard Black",12,554.6274,6655.53
2021-08-01,A5419110203,"AQ Gamer 2","Standard Black",12,595.5711,7146.85
2021-08-01,A5419110203,"AQ Gamer 2","Standard Black",12,643.4777,7721.73
2021-08-01,A5419110204,"AQ Gamer 2","Plus Firey Red",14,528.3425,7396.80
2021-08-01,A5419110204,"AQ Gamer 2","Plus Firey Red",14,473.1753,6624.45
2021-08-01,A5419110204,"AQ Gamer 2","Plus Firey Red",14,573.7665,8032.73
2021-08-01,A5419110204,"AQ Gamer 2","Plus Firey Red",14,602.9200,8440.88
2021-08-01,A5419110204,"AQ Gamer 2","Plus Firey Red",14,642.8538,8999.95
2021-08-01,A5419110205,"AQ Gamer 2","Plus Cool Blue",12,531.8450,6382.14
2021-08-01,A5419110205,"AQ Gamer 2","Plus Cool Blue",12,485.0781,5820.94
2021-08-01,A5419110205,"AQ Gamer 2","Plus Cool Blue",12,591.8599,7102.32
2021-08-01,A5419110205,"AQ Gamer 2","Plus Cool Blue",12,570.7578,6849.09
2021-08-01,A5419110205,"AQ Gamer 2","Plus Cool Blue",12,605.1511,7261.81
2021-08-01,A5419110206,"AQ Gamer 2","Plus Black",4,514.3609,2057.44
2021-08-01,A5419110206,"AQ Gamer 2","Plus Black",4,548.9012,2195.60
2021-08-01,A5419110206,"AQ Gamer 2","Plus Black",4,601.6398,2406.56
2021-08-01,A5419110206,"AQ Gamer 2","Plus Black",4,632.8831,2531.53
2021-08-01,A5419110207,"AQ Gamer 2","Premium Black",8,504.2132,4033.71
2021-08-01,A5419110207,"AQ Gamer 2","Premium Black",8,592.2589,4738.07
2021-08-01,A5419110207,"AQ Gamer 2","Premium Black",8,599.2302,4793.84
2021-08-01,A5419110207,"AQ Gamer 2","Premium Black",8,614.9403,4919.52
2021-08-01,A5419110208,"AQ Gamer 2","Premium Misty Green",10,460.4022,4604.02
2021-08-01,A5419110208,"AQ Gamer 2","Premium Misty Green",10,570.8426,5708.43
2021-08-01,A5419110208,"AQ Gamer 2","Premium Misty Green",10,608.4070,6084.07
2021-08-01,A5419110208,"AQ Gamer 2","Premium Misty Green",10,662.7099,6627.10
2021-08-01,A5519110301,"AQ Gamer 3","Standard Firey Red",5,477.9302,2389.65
2021-08-01,A5519110301,"AQ Gamer 3","Standard Firey Red",5,564.7649,2823.82
2021-08-01,A5519110301,"AQ Gamer 3","Standard Firey Red",5,589.7411,2948.71
2021-08-01,A5519110301,"AQ Gamer 3","Standard Firey Red",5,641.9274,3209.64
2021-08-01,A5519110302,"AQ Gamer 3","Standard Cool Blue",10,541.0798,5410.80
2021-08-01,A5519110302,"AQ Gamer 3","Standard Cool Blue",10,578.0696,5780.70
2021-08-01,A5519110302,"AQ Gamer 3","Standard Cool Blue",10,605.8642,6058.64
2021-08-01,A5519110303,"AQ Gamer 3","Standard Black",11,548.8955,6037.85
2021-08-01,A5519110303,"AQ Gamer 3","Standard Black",11,526.3266,5789.59
2021-08-01,A5519110303,"AQ Gamer 3","Standard Black",11,604.2721,6646.99
2021-08-01,A5519110304,"AQ Gamer 3","Plus Firey Red",6,532.1219,3192.73
2021-08-01,A5519110304,"AQ Gamer 3","Plus Firey Red",6,612.6344,3675.81
2021-08-01,A5519110304,"AQ Gamer 3","Plus Firey Red",6,597.7704,3586.62
2021-08-01,A5520110305,"AQ Gamer 3","Plus Cool Blue",13,597.7958,7771.35
2021-08-01,A5520110305,"AQ Gamer 3","Plus Cool Blue",13,579.8901,7538.57
2021-08-01,A5520110305,"AQ Gamer 3","Plus Cool Blue",13,632.4885,8222.35
2021-08-01,A5520110305,"AQ Gamer 3","Plus Cool Blue",13,663.8415,8629.94
2021-08-01,A5520110306,"AQ Gamer 3","Plus Black",13,531.4377,6908.69
2021-08-01,A5520110306,"AQ Gamer 3","Plus Black",13,601.3269,7817.25
2021-08-01,A5520110306,"AQ Gamer 3","Plus Black",13,639.6816,8315.86
2021-08-01,A5520110306,"AQ Gamer 3","Plus Black",13,692.3106,9000.04
2021-08-01,A5520110307,"AQ Gamer 3","Premium Black",10,485.5712,4855.71
2021-08-01,A5520110307,"AQ Gamer 3","Premium Black",10,576.5295,5765.30
2021-08-01,A5520110307,"AQ Gamer 3","Premium Black",10,609.7926,6097.93
2021-08-01,A5520110307,"AQ Gamer 3","Premium Black",10,661.1468,6611.47
2021-08-01,A5520110308,"AQ Gamer 3","Premium Misty Green",16,497.3676,7957.88
2021-08-01,A5520110308,"AQ Gamer 3","Premium Misty Green",16,576.4593,9223.35
2021-08-01,A5520110308,"AQ Gamer 3","Premium Misty Green",16,590.1159,9441.85
2021-08-01,A5520110308,"AQ Gamer 3","Premium Misty Green",16,649.4478,10391.16
2021-08-01,A5620110401,"AQ Smash 1","Standard Firey Red",11,551.6087,6067.70
2021-08-01,A5620110401,"AQ Smash 1","Standard Firey Red",11,614.8923,6763.82
2021-08-01,A5620110401,"AQ Smash 1","Standard Firey Red",11,642.0698,7062.77
2021-08-01,A5620110401,"AQ Smash 1","Standard Firey Red",11,654.7250,7201.98
2021-08-01,A5620110402,"AQ Smash 1","Standard Cool Blue",6,497.4515,2984.71
2021-08-01,A5620110402,"AQ Smash 1","Standard Cool Blue",6,638.0462,3828.28
2021-08-01,A5620110402,"AQ Smash 1","Standard Cool Blue",6,593.8297,3562.98
2021-08-01,A5620110402,"AQ Smash 1","Standard Cool Blue",6,635.9387,3815.63
2021-08-01,A5621110403,"AQ Smash 1","Standard Black",11,547.8510,6026.36
2021-08-01,A5621110403,"AQ Smash 1","Standard Black",11,625.8672,6884.54
2021-08-01,A5621110403,"AQ Smash 1","Standard Black",11,631.1855,6943.04
2021-08-01,A5621110403,"AQ Smash 1","Standard Black",11,666.2828,7329.11
2021-08-01,A5621110404,"AQ Smash 1","Plus Firey Red",8,474.4778,3795.82
2021-08-01,A5621110404,"AQ Smash 1","Plus Firey Red",8,561.6091,4492.87
2021-08-01,A5621110404,"AQ Smash 1","Plus Firey Red",8,639.9614,5119.69
2021-08-01,A5621110404,"AQ Smash 1","Plus Firey Red",8,655.8052,5246.44
2021-08-01,A5621110405,"AQ Smash 1","Plus Cool Blue",17,527.2875,8963.89
2021-08-01,A5621110405,"AQ Smash 1","Plus Cool Blue",17,579.0268,9843.46
2021-08-01,A5621110405,"AQ Smash 1","Plus Cool Blue",17,601.8173,10230.89
2021-08-01,A5621110405,"AQ Smash 1","Plus Cool Blue",17,637.5924,10839.07
2021-08-01,A5621110406,"AQ Smash 1","Plus Black",4,592.9208,2371.68
2021-08-01,A5621110406,"AQ Smash 1","Plus Black",4,644.3777,2577.51
2021-08-01,A5621110406,"AQ Smash 1","Plus Black",4,629.2721,2517.09
2021-08-01,A5621110407,"AQ Smash 1","Premium Black",10,613.2204,6132.20
2021-08-01,A5621110407,"AQ Smash 1","Premium Black",10,655.7782,6557.78
2021-08-01,A5621110407,"AQ Smash 1","Premium Black",10,660.5443,6605.44
2021-08-01,A5621110408,"AQ Smash 1","Premium Misty Green",3,560.9895,1682.97
2021-08-01,A5621110408,"AQ Smash 1","Premium Misty Green",3,657.2525,1971.76
2021-08-01,A5621110408,"AQ Smash 1","Premium Misty Green",3,703.3686,2110.11
2021-08-01,A5721110501,"AQ Smash 2","Standard Firey Red",12,581.7075,6980.49
2021-08-01,A5721110501,"AQ Smash 2","Standard Firey Red",12,649.6929,7796.31
2021-08-01,A5721110501,"AQ Smash 2","Standard Firey Red",12,657.4311,7889.17
2021-08-01,A5721110502,"AQ Smash 2","Standard Cool Blue",11,627.9938,6907.93
2021-08-01,A5721110502,"AQ Smash 2","Standard Cool Blue",11,669.2422,7361.66
2021-08-01,A5721110503,"AQ Smash 2","Standard Black",4,678.3035,2713.21
2021-08-01,A5721110503,"AQ Smash 2","Standard Black",4,681.8983,2727.59
2021-08-01,A5721110504,"AQ Smash 2","Plus Firey Red",5,655.8348,3279.17
2021-08-01,A5721110504,"AQ Smash 2","Plus Firey Red",5,702.3040,3511.52
2021-08-01,A5721110505,"AQ Smash 2","Plus Cool Blue",3,674.4272,2023.28
2021-08-01,A5721110505,"AQ Smash 2","Plus Cool Blue",3,725.0673,2175.20
2021-08-01,A5721110506,"AQ Smash 2","Plus Black",16,720.5460,11528.74
2021-08-01,A5721110506,"AQ Smash 2","Plus Black",16,717.7640,11484.22
2021-08-01,A5820110101,"AQ BZ Allin1","Standard 1",19,681.3022,12944.74
2021-08-01,A5820110101,"AQ BZ Allin1","Standard 1",19,754.1560,14328.96
2021-08-01,A5820110102,"AQ BZ Allin1","Standard 2",14,697.5541,9765.76
2021-08-01,A5820110102,"AQ BZ Allin1","Standard 2",14,723.4616,10128.46
2021-08-01,A5820110103,"AQ BZ Allin1","Standard 3",15,735.1465,11027.20
2021-08-01,A5820110103,"AQ BZ Allin1","Standard 3",15,796.4951,11947.43
2021-08-01,A5820110104,"AQ BZ Allin1","Plus 1",19,690.4971,13119.44
2021-08-01,A5820110104,"AQ BZ Allin1","Plus 1",19,720.6501,13692.35
2021-08-01,A5820110105,"AQ BZ Allin1","Plus 2",7,709.3926,4965.75
2021-08-01,A5820110106,"AQ BZ Allin1","Plus 3",21,692.5242,14543.01
2021-08-01,A5820110106,"AQ BZ Allin1","Plus 3",21,700.9947,14720.89
2021-08-01,A5820110107,"AQ BZ Allin1","Premium 1",16,737.6775,11802.84
2021-08-01,A5820110107,"AQ BZ Allin1","Premium 1",16,793.6414,12698.26
2021-08-01,A5821110108,"AQ BZ Allin1","Premium 2",13,746.7388,9707.60
2021-08-01,A6018110101,"AQ Home Allin1","Standard 1",3,689.5397,2068.62
2021-08-01,A6018110101,"AQ Home Allin1","Standard 1",3,640.8889,1922.67
2021-08-01,A6018110101,"AQ Home Allin1","Standard 1",3,713.9641,2141.89
2021-08-01,A6018110101,"AQ Home Allin1","Standard 1",3,800.4577,2401.37
2021-08-01,A6018110102,"AQ Home Allin1","Standard 2",5,693.4507,3467.25
2021-08-01,A6018110102,"AQ Home Allin1","Standard 2",5,676.5267,3382.63
2021-08-01,A6018110102,"AQ Home Allin1","Standard 2",5,748.8924,3744.46
2021-08-01,A6018110102,"AQ Home Allin1","Standard 2",5,764.0542,3820.27
2021-08-01,A6018110103,"AQ Home Allin1","Standard 3",5,693.7672,3468.84
2021-08-01,A6018110103,"AQ Home Allin1","Standard 3",5,746.8113,3734.06
2021-08-01,A6018110103,"AQ Home Allin1","Standard 3",5,770.9789,3854.89
2021-08-01,A6018110103,"AQ Home Allin1","Standard 3",5,850.2149,4251.07
